Company Name,Industry,Email,Phone,Source Method,Status,Lead Magnet Sent,Contact Person,Contact Title,Notes
PW Nigeria Limited,Construction,christophermcquillan@pwnigeria.com,,Cold Email,Contacted,Yes,Sabau Din,CEO,Call: Incorrect Number
Reynolds Construction Company,Construction,md@rccnigeria.com,,Cold Email,Contacted,Yes,David Amrami,Director of Finance,Call: Called
Arab Contractors Nigeria,Construction,esraa.ashraf@arabcont.com,+234 702 984 7612,Cold Email,Engaged,Yes,Eng. Wael Farouk,Manager,Call: Available to Proceed
Dantata & Sawoe,Construction,nasiru.dantata@dantata-sawoe.com,+234 9 330 0000,Cold Email,Contacted,Yes,Dantata Nasiru,Executive Director,Call: Not Available
Quantum Construct Ltd,Construction,info@quantumconstructltd.com,+234 806 4937 448 +234 806 0601 111,Cold Email,Contacted,Yes,Yusuf Abubakar,COO & Founder,
SABC Limited,Construction,abdulmajeed@sabcltd.com,0705 439 3280,Cold Email,Contacted,Yes,Emmanuel Adejo,CEO,Call: Called
AG Vision Construction,Construction,info@agvisionconstruction.com,+234 803 595 0491,Cold Email,Contacted,Yes,Tony Abou Ghazale,CEO,Call: Not Available
Setraco Nigeria,Construction,info@setraco.net,+234 806 944 7441,Cold Email,Contacted,Yes,Michael Hachenberg,MD,Call: Could Not Reach Stakeholder
Monier Construction,Construction,info@mccnig.com,,Cold Email,Contacted,Yes,-,-,Call: Could Not Reach Stakeholder
Constrix Real Estate,Real Estate,customerservice@constrix.com.ng,+234 9 290 9176,Cold Email,Contacted,Yes,Nura Danmusa,CEO,Call: Not Available
Mshel Homes,Real Estate,-,+234 807 491 8900,Cold Email,Contacted,Yes,Barka Mshelia,CEO,Call: Called
Bilaad Realty,Real Estate,info@bilaadnigeria.com,+234 700 222 2111,Cold Email,Contacted,Yes,Aliyu Aliyu,CEO,Call: Not Available
Lead Property Mall,Real Estate,admin@leadpropertymall.com,+234 802 056 5929,Cold Email,Contacted,Yes,-,-,Call: Not Available; saying where disturbing him
DITTO GROUP,Real Estate,dittogrouppng@gmail.com,+2348175008943+2348091331943 -,Cold Email,Contacted,Yes,Engr. Bolaji Abayomi,CEO,Call: Could Not Reach Stakeholder
Double J Properties,Real Estate,info@doublejnigeria.com,+234 913 000 4806,Cold Email,Contacted,Yes,-,-,Call: Could Not Reach Stakeholder
Rotimi Olu & Co,Real Estate,info@rotimioluandco.com,0805 3999 228,Cold Email,Contacted,Yes,Cosmas Mbarga,CAO,Call: Could Not Reach Stakeholder; call back - meeting  still needs to proceed- vivian
A.A Gulak & Co1,Real Estate,-,,Cold Email,Contacted,Yes,-,-,Call: Called
The MLS Properties,Real Estate,office@themlsproperties.com,070-561-44444,Cold Email,Contacted,Yes,-,-,Call: Not Available
Ayeye & Co,Real Estate,kubwa@ayeyeproperties.co,+234 803 354 3027,Cold Email,Contacted,Yes,Victor Ayeye,CEO,Call: Called
Dalema supermarket,Supermarket,,0806 674 4234,Cold Outreach,Contacted,No,,,Call: Called
"Kanti Plus Supermarket, Kaduna",Supermarket,,9075555423,Cold Email,Contacted,Yes,,,Call: Called
Sahad stores,Supermarket,sahadstoresltdarea11@gmail.com.,,Cold Email,Contacted,Yes,,,Incorrect Number; Call: Called
4u supermarket,Supermarket,support@4usupermarket.com.ng,0802 535 9797,Cold Email,Contacted,Yes,,,Call: Called
Gadzama and Sons,Supermarket,,+234 913 091 9481,Cold Outreach,New,No,,,Incorrect Number; Call: Not Available
Dialogue pharmacy,Pharmacy,,,Cold Email,Contacted,Yes,,,Call: Called; call back
Lotusmart Supermarket,Supermarket,lotusmartnig@gmail.com,,Cold Email,Contacted,Yes,Khaidara Aliyu Sa'i,,Call: Incorrect Number
Dia city,Supermarket,,+234 803 322 6652,Cold Email,Contacted,Yes,Abdullah Shau'ibu Bello,,Call: Called; call back - meeting  still needs to proceed
Costcutter Nigeria,Supermarket,,+234 908 528 9220,Cold Email,Contacted,Yes,,,Call: Called; call back -lucy -monday
Prince Ebeano,Supermarket,feedback@princeebeano.com,09157294187,Cold Email,Contacted,Yes,,,Incorrect Number; Call: Called
Tibilon Construction Ltd,Construction,info@tibilonconstruction.com.ng,,Cold Email,Contacted,Yes,Tochukwu Nnamoko,CEO,Call: Incorrect Number
Spitze Construction Ltd,Construction,info@spitzeconstruction.com,469809+12,Cold Email,Contacted,Yes,Arc. Abubakar Iliyasu,CEO,Incorrect Email; Call: Called; call back
Kouris Construction Nig. Ltd.,Construction,info@kourisconstruction.com,,Cold Email,Contacted,Yes,,,Call: Incorrect Number
Acuspare Projects & Engineering Services Limited,Construction,info@acuspare.com,234706+12,Cold Email,Contacted,Yes,,,Call: Called
Glides Contractors Ltd,Construction,glidescontractors@gmail.com,0806 168 4614,Cold Email,Contacted,Yes,,,Call: Called
ARFO Construction Company Nigeria Ltd,Construction,info@arfoccn.com,,Cold Email,Contacted,Yes,,,Call: Called
Embee & Partners Nigeria Limited,Construction,,,Cold Email,Engaged,Yes,,,Call: Available to Proceed
Ecomaxx Engineering Projects Ltd,Construction,,,Cold Outreach,Contacted,No,,,Incorrect Number; Call: Called
Mekahog Group Limited,Construction,,+234 9 290 2686,Cold Outreach,New,No,,,Incorrect Number; Call: Incorrect Number
Enerco Nigeria Limited,Construction,info@enerco.net,,Cold Email,Contacted,Yes,,,Call: Incorrect Number
Atlas Petroleum International,Oil and Gas,,+23408051514455,Cold Outreach,Contacted,No,,,Incorrect Number; Call: Called
NIQ OIL AND GAS LIMITED,Oil and Gas,admin@niqong.com,+2349033058380,Cold Email,Contacted,Yes,,,Incorrect Number; Call: Not Available
Nigerian Gas Company,Oil and Gas,,,Cold Outreach,New,No,,,Call: Incorrect Number
Gas Aggregator Company Nigeria LTD/GTE,Oil and Gas,,,Cold Outreach,New,No,,,Call: Incorrect Number
9-Ber oil & Gas limited,Oil and Gas,beroilltd@gmail.com,,Cold Email,Contacted,Yes,,,Call: Called; call back - meeting  still needs to proceed-proposal whatsapp
Rexbridge Oil & Gas Nigeria Limited,Oil and Gas,,0703 095 6396,Cold Outreach,Contacted,No,,,Incorrect Email; Call: Called
Oceangate Oil and Gas Limited,Oil and Gas,,0909 996 6648,Cold Outreach,Contacted,No,,,Incorrect Number; Call: Called
Oilworld Limited,Oil and Gas,,,Cold Outreach,New,No,,,Call: Incorrect Number
Agri-Connect Hub,Agriculture,,,Cold Outreach,New,No,,,Call: Incorrect Number
44 Nigerian Army Reference Hospital Kaduna,Healthcare,,,Cold Outreach,New,No,,,Call: Incorrect Number
Auto SPA Ltd,Automobile,info@autospa.ng,8096999998,Cold Email,Contacted,Yes,,,Call: Called
9-Beji Automobile Nigeria,Automobile,bejiautomobilenig@gmail.com,8061598788,Cold Email,Contacted,Yes,,,Call: Called
Automedics Limited,Automobile,info@automedicsafrica.com,8060895618,Cold Email,Contacted,Yes,,,Call: Called; call back - meeting  still needs to proceed
Alh Abdulrazak Abdulrauf Motors Nig. Ltd,Automobile,maryam.olorire@yahoo.com,8023210741,Cold Email,Contacted,Yes,,,
K-Cool Resources Nigeria Ltd,Automobile,radiomech88@gmail.com,9026247488,Cold Email,Contacted,Yes,,,
Creative Auto Technologies Ltd,Automobile,creativeautotechnologies@gmail.com,8035959513,Cold Email,Contacted,Yes,,,Call: Called
Rainance Automobile Ltd,Automobile,rainance.automobile@yahoo.com,8029108945,Cold Email,Contacted,Yes,,,
CarFix Vehicle Repairs,Automobile,hello@carfix.ng,7018999924,Cold Email,Contacted,Yes,,,
http://mechanics.ng/,Automobile,help@mechanics.ng,0909 561 7002,Cold Outreach,New,No,,,Incorrect Email; Call: Not Available
Annapolis Auto Centre,Automobile,info@annapolisautocentre.com,8101883300,Cold Email,Contacted,Yes,,,Call: Called
9-Auto Rolling Right Ltd,Automobile,autorollingright@gmail.com,7033643670,Cold Email,Contacted,Yes,,,Call: Called; wednesday meeting for 10 m- yes -callbacks
Car Craft Workshop Ltd,Automobile,info@carcraftworkshop.com,8130341474,Cold Outreach,Contacted,No,,,Incorrect Email; Call: Called
Saffar Automobile Nigeria Ltd,Automobile,saffarautomobile@gmail.com,8068960123,Cold Email,Contacted,Yes,,,Call: Not Available
9-Al-Mansur Motors Ltd,Automobile,manirmb@yahoo.com,8032842700,Cold Email,Contacted,Yes,,,Call: Called; said i should call back-monsoor
MNL ASAO Motors Ltd,Automobile,mnlasaomotors@gmail.com,8039207783,Cold Email,Contacted,Yes,,,Call: Not Available
ASD Motors Ltd,Automobile,saidudalhatu@yahoo.co.uk,8033112056,Cold Email,Contacted,Yes,,,Call: Called; line didnt go through
Kaura Motors Ltd,Automobile,info@kauralimited.com,8034040174,Cold Email,Contacted,Yes,,,Call: Called
NGS Auto Clinic Centre Ltd,Automobile,info@ngsautoclinic.com.ng,07037110944,Cold Email,Contacted,Yes,,,Call: Called; cynthia -friday 11am
Patemax Projects Limited,Construction,info@patemaxprojects.com,0806 777 1905,Cold Outreach,New,No,,,
Nigerian Content Development and Monitoring Board (NCDMB),MDA,tahir.aminu@ncdmb.gov.ng,,Cold Email,Contacted,Yes,,,Call: Called
https://www.google.com/search?q=National+Drug+Law+Enforcement+Agency&sca_esv=dc45e1216515a3e4&biw=1536&bih=730&aic=0&sxsrf=ANbL-n5UKWwUJDqSl3D8kxNsQJkQX9gn7Q%3A1770114117670&ei=RcyBaZDIKPe2hbIPhuGVuAI&oq=what+are+the+top+mdas+in+government&gs_lp=Egxnd3Mtd2l6LXNlcnAiI3doYXQgYXJlIHRoZSB0b3AgbWRhcyBpbiBnb3Zlcm5tZW50KgIIADIFECEYoAEyBRAhGKABMgUQIRifBUixhQFQniBYxlZwBngBkAEAmAH6AaABqBuqAQYwLjMuMTO4AQHIAQD4AQGYAhKgArQVwgIKEAAYsAMY1gQYR8ICBhAAGAcYHsICCxAAGIAEGIYDGIoFwgIIEAAYgAQYogTCAgUQABjvBcICBRAAGIAEwgIHEAAYgAQYDZgDAIgGAZAGCJIHBjYuMC4xMqAH4UKyBwQyLTEyuAeZFcIHBjAuMTIuNsgHMIAIAA&sclient=gws-wiz-serp&mstk=AUtExfBoZswrrxrKmSmGtsnHaIsO5trVMEfY4FRjBek2wAV0aMMnYFM3L4CNsuxiynHHjiFX3C5Gjv6HSQuaAaUDUWG5AIBJrfEMPp6bixGCT9uVHv5xglhODq9CPSWr3z2Rg791IEP2lfFUEtxwWvclb_O-zMh3LKtVePc42ARW9V1lr86BBVeDjRpIZyiLPorb_jOfQDD_204M1rpfRDb76z9areUnxY0OLuBcGaLmHXozxw&csui=3&ved=2ahUKEwj-j7_4jb2SAxVZbEEAHUIpD4kQgK4QegQIAxAD,MDA,info@ndleahelpline.com.ng,,Cold Email,Contacted,Yes,,,Incorrect Email
https://www.google.com/search?q=Nigeria+Customs+Service&sca_esv=dc45e1216515a3e4&biw=1536&bih=730&aic=0&sxsrf=ANbL-n5UKWwUJDqSl3D8kxNsQJkQX9gn7Q%3A1770114117670&ei=RcyBaZDIKPe2hbIPhuGVuAI&oq=what+are+the+top+mdas+in+government&gs_lp=Egxnd3Mtd2l6LXNlcnAiI3doYXQgYXJlIHRoZSB0b3AgbWRhcyBpbiBnb3Zlcm5tZW50KgIIADIFECEYoAEyBRAhGKABMgUQIRifBUixhQFQniBYxlZwBngBkAEAmAH6AaABqBuqAQYwLjMuMTO4AQHIAQD4AQGYAhKgArQVwgIKEAAYsAMY1gQYR8ICBhAAGAcYHsICCxAAGIAEGIYDGIoFwgIIEAAYgAQYogTCAgUQABjvBcICBRAAGIAEwgIHEAAYgAQYDZgDAIgGAZAGCJIHBjYuMC4xMqAH4UKyBwQyLTEyuAeZFcIHBjAuMTIuNsgHMIAIAA&sclient=gws-wiz-serp&mstk=AUtExfBoZswrrxrKmSmGtsnHaIsO5trVMEfY4FRjBek2wAV0aMMnYFM3L4CNsuxiynHHjiFX3C5Gjv6HSQuaAaUDUWG5AIBJrfEMPp6bixGCT9uVHv5xglhODq9CPSWr3z2Rg791IEP2lfFUEtxwWvclb_O-zMh3LKtVePc42ARW9V1lr86BBVeDjRpIZyiLPorb_jOfQDD_204M1rpfRDb76z9areUnxY0OLuBcGaLmHXozxw&csui=3&ved=2ahUKEwj-j7_4jb2SAxVZbEEAHUIpD4kQgK4QegQIAxAF (NCS),MDA,mmi@customs.gov.ng,,Cold Email,Contacted,Yes,,,
https://www.google.com/search?q=Nigerian+Communications+Commission&sca_esv=dc45e1216515a3e4&biw=1536&bih=730&aic=0&sxsrf=ANbL-n5UKWwUJDqSl3D8kxNsQJkQX9gn7Q%3A1770114117670&ei=RcyBaZDIKPe2hbIPhuGVuAI&oq=what+are+the+top+mdas+in+government&gs_lp=Egxnd3Mtd2l6LXNlcnAiI3doYXQgYXJlIHRoZSB0b3AgbWRhcyBpbiBnb3Zlcm5tZW50KgIIADIFECEYoAEyBRAhGKABMgUQIRifBUixhQFQniBYxlZwBngBkAEAmAH6AaABqBuqAQYwLjMuMTO4AQHIAQD4AQGYAhKgArQVwgIKEAAYsAMY1gQYR8ICBhAAGAcYHsICCxAAGIAEGIYDGIoFwgIIEAAYgAQYogTCAgUQABjvBcICBRAAGIAEwgIHEAAYgAQYDZgDAIgGAZAGCJIHBjYuMC4xMqAH4UKyBwQyLTEyuAeZFcIHBjAuMTIuNsgHMIAIAA&sclient=gws-wiz-serp&mstk=AUtExfBoZswrrxrKmSmGtsnHaIsO5trVMEfY4FRjBek2wAV0aMMnYFM3L4CNsuxiynHHjiFX3C5Gjv6HSQuaAaUDUWG5AIBJrfEMPp6bixGCT9uVHv5xglhODq9CPSWr3z2Rg791IEP2lfFUEtxwWvclb_O-zMh3LKtVePc42ARW9V1lr86BBVeDjRpIZyiLPorb_jOfQDD_204M1rpfRDb76z9areUnxY0OLuBcGaLmHXozxw&csui=3&ved=2ahUKEwj-j7_4jb2SAxVZbEEAHUIpD4kQgK4QegQIAxAH,MDA,jnwachukwu@ncc.gov.ng,,Cold Email,Contacted,Yes,,,
https://www.google.com/search?q=Nigerian+Ports+Authority&sca_esv=dc45e1216515a3e4&biw=1536&bih=730&aic=0&sxsrf=ANbL-n5UKWwUJDqSl3D8kxNsQJkQX9gn7Q%3A1770114117670&ei=RcyBaZDIKPe2hbIPhuGVuAI&oq=what+are+the+top+mdas+in+government&gs_lp=Egxnd3Mtd2l6LXNlcnAiI3doYXQgYXJlIHRoZSB0b3AgbWRhcyBpbiBnb3Zlcm5tZW50KgIIADIFECEYoAEyBRAhGKABMgUQIRifBUixhQFQniBYxlZwBngBkAEAmAH6AaABqBuqAQYwLjMuMTO4AQHIAQD4AQGYAhKgArQVwgIKEAAYsAMY1gQYR8ICBhAAGAcYHsICCxAAGIAEGIYDGIoFwgIIEAAYgAQYogTCAgUQABjvBcICBRAAGIAEwgIHEAAYgAQYDZgDAIgGAZAGCJIHBjYuMC4xMqAH4UKyBwQyLTEyuAeZFcIHBjAuMTIuNsgHMIAIAA&sclient=gws-wiz-serp&mstk=AUtExfBoZswrrxrKmSmGtsnHaIsO5trVMEfY4FRjBek2wAV0aMMnYFM3L4CNsuxiynHHjiFX3C5Gjv6HSQuaAaUDUWG5AIBJrfEMPp6bixGCT9uVHv5xglhODq9CPSWr3z2Rg791IEP2lfFUEtxwWvclb_O-zMh3LKtVePc42ARW9V1lr86BBVeDjRpIZyiLPorb_jOfQDD_204M1rpfRDb76z9areUnxY0OLuBcGaLmHXozxw&csui=3&ved=2ahUKEwj-j7_4jb2SAxVZbEEAHUIpD4kQgK4QegQIAxAJ (NPA),MDA,helpdesk@nigerianports.gov.ng,,Cold Email,Contacted,Yes,,,
https://www.google.com/search?q=National+Information+Technology+Development+Agency&sca_esv=dc45e1216515a3e4&biw=1536&bih=730&aic=0&sxsrf=ANbL-n5UKWwUJDqSl3D8kxNsQJkQX9gn7Q%3A1770114117670&ei=RcyBaZDIKPe2hbIPhuGVuAI&oq=what+are+the+top+mdas+in+government&gs_lp=Egxnd3Mtd2l6LXNlcnAiI3doYXQgYXJlIHRoZSB0b3AgbWRhcyBpbiBnb3Zlcm5tZW50KgIIADIFECEYoAEyBRAhGKABMgUQIRifBUixhQFQniBYxlZwBngBkAEAmAH6AaABqBuqAQYwLjMuMTO4AQHIAQD4AQGYAhKgArQVwgIKEAAYsAMY1gQYR8ICBhAAGAcYHsICCxAAGIAEGIYDGIoFwgIIEAAYgAQYogTCAgUQABjvBcICBRAAGIAEwgIHEAAYgAQYDZgDAIgGAZAGCJIHBjYuMC4xMqAH4UKyBwQyLTEyuAeZFcIHBjAuMTIuNsgHMIAIAA&sclient=gws-wiz-serp&mstk=AUtExfBoZswrrxrKmSmGtsnHaIsO5trVMEfY4FRjBek2wAV0aMMnYFM3L4CNsuxiynHHjiFX3C5Gjv6HSQuaAaUDUWG5AIBJrfEMPp6bixGCT9uVHv5xglhODq9CPSWr3z2Rg791IEP2lfFUEtxwWvclb_O-zMh3LKtVePc42ARW9V1lr86BBVeDjRpIZyiLPorb_jOfQDD_204M1rpfRDb76z9areUnxY0OLuBcGaLmHXozxw&csui=3&ved=2ahUKEwj-j7_4jb2SAxVZbEEAHUIpD4kQgK4QegQIAxAL (NITDA)YES,MDA,in%66%6f%40ni%74da%2e%67o%76.%6eg,,Cold Email,Contacted,Yes,,,
https://www.google.com/search?q=Nigeria+Immigration+Service&sca_esv=dc45e1216515a3e4&biw=1536&bih=730&aic=0&sxsrf=ANbL-n5UKWwUJDqSl3D8kxNsQJkQX9gn7Q%3A1770114117670&ei=RcyBaZDIKPe2hbIPhuGVuAI&oq=what+are+the+top+mdas+in+government&gs_lp=Egxnd3Mtd2l6LXNlcnAiI3doYXQgYXJlIHRoZSB0b3AgbWRhcyBpbiBnb3Zlcm5tZW50KgIIADIFECEYoAEyBRAhGKABMgUQIRifBUixhQFQniBYxlZwBngBkAEAmAH6AaABqBuqAQYwLjMuMTO4AQHIAQD4AQGYAhKgArQVwgIKEAAYsAMY1gQYR8ICBhAAGAcYHsICCxAAGIAEGIYDGIoFwgIIEAAYgAQYogTCAgUQABjvBcICBRAAGIAEwgIHEAAYgAQYDZgDAIgGAZAGCJIHBjYuMC4xMqAH4UKyBwQyLTEyuAeZFcIHBjAuMTIuNsgHMIAIAA&sclient=gws-wiz-serp&mstk=AUtExfBoZswrrxrKmSmGtsnHaIsO5trVMEfY4FRjBek2wAV0aMMnYFM3L4CNsuxiynHHjiFX3C5Gjv6HSQuaAaUDUWG5AIBJrfEMPp6bixGCT9uVHv5xglhODq9CPSWr3z2Rg791IEP2lfFUEtxwWvclb_O-zMh3LKtVePc42ARW9V1lr86BBVeDjRpIZyiLPorb_jOfQDD_204M1rpfRDb76z9areUnxY0OLuBcGaLmHXozxw&csui=3&ved=2ahUKEwj-j7_4jb2SAxVZbEEAHUIpD4kQgK4QegQIAxAP (NIS),MDA,stacey@immigration.gov.ng,,Cold Email,Contacted,Yes,,,
https://www.google.com/search?q=Corporate+Affairs+Commission&sca_esv=dc45e1216515a3e4&biw=1536&bih=730&aic=0&sxsrf=ANbL-n5UKWwUJDqSl3D8kxNsQJkQX9gn7Q%3A1770114117670&ei=RcyBaZDIKPe2hbIPhuGVuAI&oq=what+are+the+top+mdas+in+government&gs_lp=Egxnd3Mtd2l6LXNlcnAiI3doYXQgYXJlIHRoZSB0b3AgbWRhcyBpbiBnb3Zlcm5tZW50KgIIADIFECEYoAEyBRAhGKABMgUQIRifBUixhQFQniBYxlZwBngBkAEAmAH6AaABqBuqAQYwLjMuMTO4AQHIAQD4AQGYAhKgArQVwgIKEAAYsAMY1gQYR8ICBhAAGAcYHsICCxAAGIAEGIYDGIoFwgIIEAAYgAQYogTCAgUQABjvBcICBRAAGIAEwgIHEAAYgAQYDZgDAIgGAZAGCJIHBjYuMC4xMqAH4UKyBwQyLTEyuAeZFcIHBjAuMTIuNsgHMIAIAA&sclient=gws-wiz-serp&mstk=AUtExfBoZswrrxrKmSmGtsnHaIsO5trVMEfY4FRjBek2wAV0aMMnYFM3L4CNsuxiynHHjiFX3C5Gjv6HSQuaAaUDUWG5AIBJrfEMPp6bixGCT9uVHv5xglhODq9CPSWr3z2Rg791IEP2lfFUEtxwWvclb_O-zMh3LKtVePc42ARW9V1lr86BBVeDjRpIZyiLPorb_jOfQDD_204M1rpfRDb76z9areUnxY0OLuBcGaLmHXozxw&csui=3&ved=2ahUKEwj-j7_4jb2SAxVZbEEAHUIpD4kQgK4QegQIAxAT (CAC),MDA,hmagaji@cac.gov.ng,,Cold Email,Contacted,Yes,,,
https://www.google.com/search?q=Ministry+of+Finance&sca_esv=dc45e1216515a3e4&biw=1536&bih=730&aic=0&sxsrf=ANbL-n5UKWwUJDqSl3D8kxNsQJkQX9gn7Q%3A1770114117670&ei=RcyBaZDIKPe2hbIPhuGVuAI&oq=what+are+the+top+mdas+in+government&gs_lp=Egxnd3Mtd2l6LXNlcnAiI3doYXQgYXJlIHRoZSB0b3AgbWRhcyBpbiBnb3Zlcm5tZW50KgIIADIFECEYoAEyBRAhGKABMgUQIRifBUixhQFQniBYxlZwBngBkAEAmAH6AaABqBuqAQYwLjMuMTO4AQHIAQD4AQGYAhKgArQVwgIKEAAYsAMY1gQYR8ICBhAAGAcYHsICCxAAGIAEGIYDGIoFwgIIEAAYgAQYogTCAgUQABjvBcICBRAAGIAEwgIHEAAYgAQYDZgDAIgGAZAGCJIHBjYuMC4xMqAH4UKyBwQyLTEyuAeZFcIHBjAuMTIuNsgHMIAIAA&sclient=gws-wiz-serp&mstk=AUtExfBoZswrrxrKmSmGtsnHaIsO5trVMEfY4FRjBek2wAV0aMMnYFM3L4CNsuxiynHHjiFX3C5Gjv6HSQuaAaUDUWG5AIBJrfEMPp6bixGCT9uVHv5xglhODq9CPSWr3z2Rg791IEP2lfFUEtxwWvclb_O-zMh3LKtVePc42ARW9V1lr86BBVeDjRpIZyiLPorb_jOfQDD_204M1rpfRDb76z9areUnxY0OLuBcGaLmHXozxw&csui=3&ved=2ahUKEwj-j7_4jb2SAxVZbEEAHUIpD4kQgK4QegQIBRAB & https://www.google.com/search?q=Budget+Ministry&sca_esv=dc45e1216515a3e4&biw=1536&bih=730&aic=0&sxsrf=ANbL-n5UKWwUJDqSl3D8kxNsQJkQX9gn7Q%3A1770114117670&ei=RcyBaZDIKPe2hbIPhuGVuAI&oq=what+are+the+top+mdas+in+government&gs_lp=Egxnd3Mtd2l6LXNlcnAiI3doYXQgYXJlIHRoZSB0b3AgbWRhcyBpbiBnb3Zlcm5tZW50KgIIADIFECEYoAEyBRAhGKABMgUQIRifBUixhQFQniBYxlZwBngBkAEAmAH6AaABqBuqAQYwLjMuMTO4AQHIAQD4AQGYAhKgArQVwgIKEAAYsAMY1gQYR8ICBhAAGAcYHsICCxAAGIAEGIYDGIoFwgIIEAAYgAQYogTCAgUQABjvBcICBRAAGIAEwgIHEAAYgAQYDZgDAIgGAZAGCJIHBjYuMC4xMqAH4UKyBwQyLTEyuAeZFcIHBjAuMTIuNsgHMIAIAA&sclient=gws-wiz-serp&mstk=AUtExfBoZswrrxrKmSmGtsnHaIsO5trVMEfY4FRjBek2wAV0aMMnYFM3L4CNsuxiynHHjiFX3C5Gjv6HSQuaAaUDUWG5AIBJrfEMPp6bixGCT9uVHv5xglhODq9CPSWr3z2Rg791IEP2lfFUEtxwWvclb_O-zMh3LKtVePc42ARW9V1lr86BBVeDjRpIZyiLPorb_jOfQDD_204M1rpfRDb76z9areUnxY0OLuBcGaLmHXozxw&csui=3&ved=2ahUKEwj-j7_4jb2SAxVZbEEAHUIpD4kQgK4QegQIBRAC,MDA,omolara.ogunbiyi@finance.gov.ng,,Cold Email,Contacted,Yes,,,
https://www.google.com/search?q=Federal+Ministry+of+Health+and+Social+Welfare&sca_esv=dc45e1216515a3e4&biw=1536&bih=730&aic=0&sxsrf=ANbL-n5UKWwUJDqSl3D8kxNsQJkQX9gn7Q%3A1770114117670&ei=RcyBaZDIKPe2hbIPhuGVuAI&oq=what+are+the+top+mdas+in+government&gs_lp=Egxnd3Mtd2l6LXNlcnAiI3doYXQgYXJlIHRoZSB0b3AgbWRhcyBpbiBnb3Zlcm5tZW50KgIIADIFECEYoAEyBRAhGKABMgUQIRifBUixhQFQniBYxlZwBngBkAEAmAH6AaABqBuqAQYwLjMuMTO4AQHIAQD4AQGYAhKgArQVwgIKEAAYsAMY1gQYR8ICBhAAGAcYHsICCxAAGIAEGIYDGIoFwgIIEAAYgAQYogTCAgUQABjvBcICBRAAGIAEwgIHEAAYgAQYDZgDAIgGAZAGCJIHBjYuMC4xMqAH4UKyBwQyLTEyuAeZFcIHBjAuMTIuNsgHMIAIAA&sclient=gws-wiz-serp&mstk=AUtExfBoZswrrxrKmSmGtsnHaIsO5trVMEfY4FRjBek2wAV0aMMnYFM3L4CNsuxiynHHjiFX3C5Gjv6HSQuaAaUDUWG5AIBJrfEMPp6bixGCT9uVHv5xglhODq9CPSWr3z2Rg791IEP2lfFUEtxwWvclb_O-zMh3LKtVePc42ARW9V1lr86BBVeDjRpIZyiLPorb_jOfQDD_204M1rpfRDb76z9areUnxY0OLuBcGaLmHXozxw&csui=3&ved=2ahUKEwj-j7_4jb2SAxVZbEEAHUIpD4kQgK4QegQIBRAI,MDA,hfr@health.gov.ng,,Cold Email,Contacted,Yes,,,
Federal Capital Territory Administration,MDA,contactfcta@fcta.gov.ng,,Cold Email,Contacted,Yes,,,
Federal Ministry of Justice,MDA,musa.kadiri@justice.gov.ng,,Cold Email,Contacted,Yes,,,
"Federal Ministry of Lands, Housing and Urban Development",MDA,dpo@fmhud.gov.ng,,Cold Email,Contacted,Yes,,,
Federal Road Safety Corps,MDA,eyong@frsc.gov.ng,,Cold Email,Contacted,Yes,,,
Federal Ministry of Tourism,MDA,info@fmacce.gov.ng,,Cold Email,Contacted,Yes,,,
Federal Ministry of Youth Development,MDA,cynthia.obi@fmyd.gov.ng,,Cold Email,Contacted,Yes,,,
Independent National Electoral Commission,MDA,iccc@inec.gov.ng,,Cold Email,Contacted,Yes,,,
National Pension Commission,MDA,imohammed@pencom.gov.ng,,Cold Email,Contacted,Yes,,,
NAPTIP,MDA,angela@naptip.gov.ng,,Cold Email,Contacted,Yes,,,
National Orientation Agency,MDA,admin@noa.gov.ng,,Cold Email,Contacted,Yes,,,
National Youth Service Corps,MDA,awololaolukemi@nysc.gov.ng,,Cold Email,Contacted,Yes,,,
Nigerian electricity Regulation Commission,MDA,michael.faloseyi@nerc.gov.ng,,Cold Email,Contacted,Yes,,,
Nigeria Institute of Transport technology (NITT),MDA,abuja@nitt.gov.ng,,Cold Email,Contacted,Yes,,,
Office of the Accountant General of the Federation,MDA,info@oagf.gov.ng,,Cold Email,Contacted,Yes,,,
"Federal Ministry of Industry, Trade and Investment",MDA,ahmed.mamuda@fmiti.gov.ng,,Cold Email,Contacted,Yes,,,
Federal Airport Authority of Nigeria,MDA,christina.apagu@faan.gov.ng,,Cold Email,Contacted,Yes,,,
Nigeria Security and Civil Defence Corps,MDA,olanrewajua@nscdc.gov.ng,,Cold Email,Contacted,Yes,,,
National Population Commission,MDA,nasir@nationalpopulation.gov.ng,,Cold Email,Contacted,Yes,,,
Central bank of Nigeria,MDA,aihaza@cbn.gov.ng,,Cold Email,Contacted,Yes,,,
Legal Aid Council,MDA,info@legalaidcouncil.gov.ng,,Cold Email,Contacted,Yes,,,
Joint Admission and Matriculation Board,MDA,abdulsalammuhammad@jamb.gov.ng,,Cold Email,Contacted,Yes,,,
Nigeria Airspace Management Agency,MDA,agbem@nama.gov.ng,,Cold Email,Contacted,Yes,,,
National Human Right Commission,MDA,info@nigeriarights.gov.ng,,Cold Email,Contacted,Yes,,,
National Boundary Commission,MDA,info@nigeriarights.gov.ng,,Cold Email,Contacted,Yes,,,
Ministry of Transportation,MDA,info@transportation.gov.ng,,Cold Email,Contacted,Yes,,,
Ministry of Foreign Affairs,MDA,nhcc.admin@foreignaffairs.gov.ng,,Cold Email,Contacted,Yes,,,
National Bureau of Statistics,MDA,oakigbogun@nigerianstat.gov.ng,,Cold Email,Contacted,Yes,,,
FERMA,MDA,info@ferma.gov.ng,,Cold Email,Contacted,Yes,,,
Economics and Financial Crimes Commission,MDA,monimoe@efcc.gov.ng,,Cold Email,Contacted,Yes,,,
Nigeria Deposit Insurance Corporation,MDA,auwala@ndic.gov.ng,,Cold Email,Contacted,Yes,,,
FEDERAL MINISTRY OF DEFENCE.,MDA,contact@defence.gov.ng,,Cold Email,Contacted,Yes,,,
FEDERAL INLAND REVENUE SERVICES,MDA,kajesomo.kehinde@firs.gov.ng,,Cold Email,Contacted,Yes,,,
Brains & Hammers Limited,Real Estate,customerservice@brainsandhammers.com,+234 803 512 3232,Cold Outreach,New,No,,,
Ambuild Homes,Real Estate,info@ambuildhomes.ng,+234 916 669 6565,Cold Outreach,New,No,,,
Valabi Shelters Limited,Real Estate,,+234 703 709 2049,Cold Outreach,New,No,,,
Bespoke Urban Luxury Limited,Real Estate,bespokeurbanluxuryltd@gmail.com,+234 706 201 3601,Cold Outreach,New,No,,,
Next Gear Group,Real Estate,,0902 222 1001,Cold Outreach,New,No,,,
Everview Properties Limited,Real Estate,infor@everviewproperties.ng,+234 815 965 9558,Cold Outreach,New,No,,,
White Avenue Real Estate,Real Estate,info@whiteavenuegroup.com,0909 958 2911,Cold Outreach,New,No,,,
Royal Niger Properties Limited,Real Estate,,,Cold Outreach,New,No,,,
Avila Consort Ltd,Real Estate,,,Cold Outreach,New,No,,,
Technique Urban Ltd,Real Estate,,,Cold Outreach,New,No,,,
Bamo Property Nigeria Limited,Real Estate,,,Cold Outreach,New,No,,,
Salis Ventilated Homes Ltd,Real Estate,enquiry@salisventilatedhomes.org,0909 112 2331,Cold Outreach,New,No,,,
Clobek Crown Nigeria Estates,Real Estate,,,Cold Outreach,New,No,,,
Bauhaus International Limited,Real Estate,info@bauhausinternationalgroup.com,+234 819 461 1398,Cold Outreach,New,No,,,
Sunshine Estate Development Limited,Real Estate,,,Cold Outreach,New,No,,,
Chuks Realtors Limited,Real Estate,abuja@chuksrealtors.com,0803 759 6448,Cold Outreach,New,No,,,
ATM Luxury Properties,Real Estate,,,Cold Outreach,New,No,,,
Citiacle Realtors,Real Estate,info@citaclerealtors.com,0803 402 4582,Cold Outreach,New,No,,,
Deep-springs Facilities,Real Estate,,,Cold Outreach,New,No,,,
Integax Jubilation Homes,Real Estate,integax@gmail.com,+234 803 828 0660,Cold Outreach,New,No,,,
Naim Properties Limited,Real Estate,,,Cold Outreach,New,No,,,
Villa Afrika Re,Real Estate,,,Cold Outreach,New,No,,,
Arinze Onuegbu and Co,Real Estate,,,Cold Outreach,New,No,,,
Boing Luxury Estates,Real Estate,,,Cold Outreach,New,No,,,
Mcdenum Empire,Real Estate,,,Cold Outreach,New,No,,,
Kellos Nigeria Company,Real Estate,,,Cold Outreach,New,No,,,
Ipent Estates,Real Estate,,+234 803 787 4286,Cold Outreach,New,No,,,
Hazam Property,Real Estate,,,Cold Outreach,New,No,,,
Waterfalls Realty,Real Estate,,,Cold Outreach,New,No,,,
Proponent Properties Ltd,Real Estate,,,Cold Outreach,New,No,,,
Le’Ve­nue Group,Real Estate,,,Cold Outreach,New,No,,,
Jide Taiwo & Co.,Real Estate,abuja@jidetaiwoandco.com,0705 209 0267,Cold Outreach,New,No,,,
Hugedream Properties,Real Estate,,,Cold Outreach,New,No,,,
Landpreneurs Limited,Real Estate,,+234 806 037 4414,Cold Outreach,New,No,,,
Aravody Limited,Real Estate,,,Cold Outreach,New,No,,,
Neostruct Bliss Home,Real Estate,,,Cold Outreach,New,No,,,
Kaliodoscope Real Property,Real Estate,,,Cold Outreach,New,No,,,
Armstrong Shelter Limited,Real Estate,,,Cold Outreach,New,No,,,
Skybound Properties Ltd,Real Estate,,0802 321 3680,Cold Outreach,New,No,,,
Kashco Apartments Wuse 2,Apartment,reservations@kashcoservices.com,0803 311 5362,Cold Outreach,New,No,,,
Gidanka Apartments,Apartment,info@gidanka.com,0901 033 1551,Cold Outreach,New,No,,,
Fraser Suites Abuja,Apartment,reservations.abuja@frasershospitality.com,0813 988 8888,Cold Outreach,New,No,,,
Nordic Hotel Abuja,Apartment,info@nordichotelabuja.com,0809 994 4480,Cold Outreach,New,No,,,
Tranquila Nest,Apartment,info@tranquilanest.com,0706 727 6029,Cold Outreach,New,No,,,
Swizz Homes Ltd,Apartment,swizzhomesltd.emma@yahoo.com,0703 659 7510,Cold Outreach,New,No,,,
mmmHouse Aparthotel,Apartment,,0906 000 9273,Cold Outreach,New,No,,,
Whytescape Serviced Apartments,Apartment,whytescapeapartments@gmail.com,0816 784 2265,Cold Outreach,New,No,,,
Grosvenor Suites (Gwarinpa),Apartment,admin@gwarimpa.ng,0812 436 6836,Cold Outreach,New,No,,,
Centurion Apartments,Apartment,centurionapartmentsltd@gmail.com,0816 241 7819,Cold Outreach,New,No,,,
Peach Hive Ltd,Apartment,peachhiveinfo@gmail.com,0806 907 0521,Cold Outreach,New,No,,,
Tupon Luxury Homes,Apartment,,0703 193 7484,Cold Outreach,New,No,,,
Bluehedge Realtors,Apartment,info@bluehedgerealtors.com,0803 206 5685,Cold Outreach,New,No,,,
Stobart Homes,Apartment,,0818 200 1122,Cold Outreach,New,No,,,
LoftyXphere Apartments,Apartment,,0906 202 4888,Cold Outreach,New,No,,,
Red Diamond Properties,Apartment,,0817 776 6110,Cold Outreach,New,No,,,
Northbridge Realtor,Apartment,,0803 924 7636,Cold Outreach,New,No,,,
Synergy Real Property,Apartment,,0806 273 0996,Cold Outreach,New,No,,,
Wallmeta Realty Limited,Apartment,,0813 519 6041,Cold Outreach,New,No,,,
Ummami Apartments,Apartment,,0814 603 8116,Cold Outreach,New,No,,,
Tae Shortlets,Apartment,,0911 011 1100,Cold Outreach,New,No,,,
Qlets Privé Apartments,Apartment,,0704 755 5000,Cold Outreach,New,No,,,
Cosmetro Homes,Apartment,,0905 401 2470,Cold Outreach,New,No,,,
Phoenix Luxury Apartments,Apartment,info@phoenixapartmentsabuja.com,,Cold Outreach,New,No,,,
Metrostay Serviced Apartment,Apartment,Metrostayapartments@gmail.com,,Cold Outreach,New,No,,,
Swizz Homes Ltd,Apartment,swizzhomesltd.emma@yahoo.com,,Cold Outreach,New,No,,,
Extacode Apartments,Apartment,extacodeapartments@gmail.com,,Cold Outreach,New,No,,,
Seasons Apartment Kado,Apartment,hello@theseasonsapartment.com,,Cold Outreach,New,No,,,
Cedarwood Apartments,Apartment,reservations@cedarwoodapartments.com.ng,,Cold Outreach,New,No,,,
Nicotel Apartments,Apartment,info@nicotelapartments.com,,Cold Outreach,New,No,,,
Brentford Apartments,Apartment,info@brentbrooksltd.com,,Cold Outreach,New,No,,,
EIO Shortlets,Apartment,eioshortlets@gmail.com,,Cold Outreach,New,No,,,
Casa Carina Apartments,Apartment,https://www.google.com/search?q=sales%40casaapartmentsandsuites.com&biw=1920&bih=993&sca_esv=2b85a2c740a01bf3&sxsrf=ANbL-n7GTyu5RYhzh51RNyvR0IGJuh5x5w%3A1771254019358&ei=AzGTaZ3CFby7hbIPvpfJuQE&ved=2ahUKEwi31vq2o96SAxVCWkEAHYyOGb4QgK4QegQIARAC&uact=5&oq=casa+apartments+abuja+email&gs_lp=Egxnd3Mtd2l6LXNlcnAiG2Nhc2EgYXBhcnRtZW50cyBhYnVqYSBlbWFpbDILEAAYsAMYogQYiQUyCBAAGLADGO8FMggQABiwAxjvBTIIEAAYsAMY7wVIuBFQrgxYrgxwAXgAkAEAmAHJAaAByQGqAQMyLTG4AQPIAQD4AQGYAgKgAtABmAMA4gMFEgExIECIBgGQBgSSBwUxLjAuMaAHmwKyBwMyLTG4B8sBwgcFMC4xLjHIBwSACAA&sclient=gws-wiz-serp https://www.google.com/search?q=casaapartmentslagos%40gmail.com&biw=1920&bih=993&sca_esv=2b85a2c740a01bf3&sxsrf=ANbL-n7GTyu5RYhzh51RNyvR0IGJuh5x5w%3A1771254019358&ei=AzGTaZ3CFby7hbIPvpfJuQE&ved=2ahUKEwi31vq2o96SAxVCWkEAHYyOGb4QgK4QegQIARAD&uact=5&oq=casa+apartments+abuja+email&gs_lp=Egxnd3Mtd2l6LXNlcnAiG2Nhc2EgYXBhcnRtZW50cyBhYnVqYSBlbWFpbDILEAAYsAMYogQYiQUyCBAAGLADGO8FMggQABiwAxjvBTIIEAAYsAMY7wVIuBFQrgxYrgxwAXgAkAEAmAHJAaAByQGqAQMyLTG4AQPIAQD4AQGYAgKgAtABmAMA4gMFEgExIECIBgGQBgSSBwUxLjAuMaAHmwKyBwMyLTG4B8sBwgcFMC4xLjHIBwSACAA&sclient=gws-wiz-serp,,Cold Outreach,New,No,,,
Trinity Shortlet Apartments,Apartment,https://trinityshortletapartments.com.ng/contact_us#,,Cold Outreach,New,No,,,
YANNA Apartment by Khaliques,Apartment,info@yannaapartments.com,,Cold Outreach,New,No,,,
Royale Crown Villa,Apartment,https://www.google.com/search?q=royalecrownvilla%40gmail.com&biw=1920&bih=993&sca_esv=2b85a2c740a01bf3&sxsrf=ANbL-n5YTPmd86u2OK8tda2ih40O_yzsEw%3A1771257690757&ei=Wj-TadjvLYmfkdUPg8a6mAE&oq=royale+crown+villa+abuja+email+add&gs_lp=Egxnd3Mtd2l6LXNlcnAiInJveWFsZSBjcm93biB2aWxsYSBhYnVqYSBlbWFpbCBhZGQqAggAMgcQIRigARgKMgcQIRigARgKSMwoUNACWJYccAB4AJABAJgBkgKgAcETqgEEMi0xMbgBAcgBAPgBAZgCC6AC8hPCAg4QLhiABBiwAxjHARivAcICBxAAGLADGB7CAg4QABiABBiwAxiGAxiKBcICCBAAGLADGO8FwgILEAAYsAMYogQYiQXCAgYQABgWGB7CAgIQJsICCxAAGIAEGIYDGIoFwgIFEAAY7wXCAggQABiiBBiJBcICBRAhGKABmAMAiAYBkAYGkgcEMi0xMaAHtyeyBwQyLTExuAfyE8IHBTAuOC4zyAcZgAgA&sclient=gws-wiz-serp&mstk=AUtExfAx7Vdz3513nP5oQ9--uZKMFQkSDP1lmNLYciSMmsT5n6ABafX4QCc7t6DLC71BHCOOvT_Xap1sqNsInYF0loo-ahGe2dllyj0xKovS7q4aD3mLF0D1OQmwB9PEOpp6R0KDZHYUO3PApksbjjh9VvbEhDJH-D4qWByNm7a8AM93cWJ_2rTJXMBk0JWnL44N6S7s&csui=3&ved=2ahUKEwiugrePsd6SAxWXOfsDHRZwEYAQgK4QegQIAhAE,,Cold Outreach,New,No,,,
Deep-Springs Facilities,Apartment,deep_springsfacilities@yahoo.com,,Cold Outreach,New,No,,,
Sigmabase apartments,Apartment,info@sigmabasevi.com,,Cold Outreach,New,No,,,
Peniel Apartments,Apartment,frontoffice@penielapartments.com,,Cold Outreach,New,No,,,
Shortlets Abuja NG (Wuse),Apartment,shortletsng.wuse@gmail.com,,Cold Outreach,New,No,,,
Didihomes (Jahi),Apartment,didhomesltd@gmail.com,0810 269 3376,Cold Outreach,New,No,,,
Capital Homes (Utako),Apartment,capitalhomesandapartment@gmail.com,,Cold Outreach,New,No,,,
Northbridge Realtor (Jahi),Apartment,northbridgerealtors@gmail.com,,Cold Outreach,New,No,,,
Synergy Real Property (Jahi),Apartment,synergyrealproperty@yahoo.com,,Cold Outreach,New,No,,,
Wallmeta Realty (Mabushi),Apartment,https://www.google.com/search?q=hello%40wallmetarealty.com&biw=1536&bih=730&sca_esv=37a1d56e91fd2a24&sxsrf=ANbL-n7BVSdkDtwXJZ7VeuIcm3N9WrM58w%3A1771331619385&ei=I2CUaeySF7mA9u8P0pap2Qw&ved=2ahUKEwjKiYTexOCSAxUH87sIHUReIiwQgK4QegQIAhAB&oq=what+is+Wallmeta+Realty+%28Mabushi%29+email+address&gs_lp=Egxnd3Mtd2l6LXNlcnAiL3doYXQgaXMgV2FsbG1ldGEgUmVhbHR5IChNYWJ1c2hpKSBlbWFpbCBhZGRyZXNzMgUQABjvBTIFEAAY7wUyCBAAGIAEGKIEMgUQABjvBTIFEAAY7wVIqz5QAFjwF3AAeACQAQCYAcMCoAHREqoBBzAuMy4yLjS4AQzIAQD4AQH4AQKYAgegAowOwgIGEAAYBxgewgIFEAAYgASYAwCSBwcwLjEuMy4zoAedObIHBzAuMS4zLjO4B4wOwgcHMC4xLjUuMcgHH4AIAA&sclient=gws-wiz-serp&mstk=AUtExfD3cKsDqUSH7PhWrOVWbtaFECel1mdWAbLBp1rnMYVePXIDAkIABf5zTvFKzAAkCB9psgjdt_bgadZwnd4Jj13BVlJXGWxAwYa1eWpG_uqPS8bU36GiN5RCmcSv12EkOJl28b1G79HmGZLc7eUL37ogqgmIOx90u0WWyjBFnGlWM_WTBldfpNkGA4FdvrZdoTtbDAZF3YlwJ-ZsVrs1fFEClD2LiMehBOXBPNL5SBjYJMVCo8RgscMvlJv35Zh0xtM&csui=3,,Cold Outreach,New,No,,,
Abuja Technology Village (ATV),Apartment,info@atv.com.ng,0813 235 0955,Cold Outreach,New,No,,,
AES Luxury Apartments (SAE),Apartment,reservations@aesluxury.com,0811 292 9361,Cold Outreach,New,No,,,
Amon Heights Limited,Apartment,olawale.akinmeji@yahoo.com,0813 786 8434,Cold Outreach,New,No,,,
ApartmentBay (Apartay),Apartment,support@apartay.com,0816 784 2265,Cold Outreach,New,No,,,
Bluehedge Realtors,Apartment,info@bluehedgerealtors.com,0803 206 5685,Cold Outreach,New,No,,,
Byamy Homes Limited,Apartment,byamyhomes@gmail.com,0911 011 1100,Cold Outreach,New,No,,,
Diplomat Suites (Continental),Apartment,info@abujacontinental.com,0209 461 2000,Cold Outreach,New,No,,,
Eclat Hospitality,Apartment,connect@eclathospitality.com,0708 888 8249,Cold Outreach,New,No,,,
Efab Properties Limited,Apartment,efabproperties@gmail.com,0802 356 6153,Cold Outreach,New,No,,,
Elite Shortlets FCT,Apartment,support@shortrest.com.ng,0908 222 2244,Cold Outreach,New,No,,,
Fairview Realty Group,Apartment,info@fairviewrealtygroup.com,0806 710 9582,Cold Outreach,New,No,,,
Jabi Lake Mall (Management),Apartment,info@jabilakemallng.com,0816 550 1930,Cold Outreach,New,No,,,
Jide Taiwo & Co (Abuja),Apartment,abuja@jidetaiwoandco.com,0705 209 0270,Cold Outreach,New,No,,,
Kings Park Estate (Nazzy),Apartment,hello@kingsnazzy.com.ng,0803 322 2151,Cold Outreach,New,No,,,
Lakewood Luxury Apartments,Apartment,reservations@hotels.ng,0806 339 9999,Cold Outreach,New,No,,,
Mshel Homes Limited,Apartment,info@mshelhomes.com,0912 850 0500,Cold Outreach,New,No,,,
Nests and Nails Nigeria Ltd,Apartment,nestsandnailsoffice@gmail.com,0906 202 4888,Cold Outreach,New,No,,,
Novia Luxury Homes,Apartment,,0818 200 1122,Cold Outreach,New,No,,,
Propertyvesto Ltd,Apartment,,0813 682 4080,Cold Outreach,New,No,,,
Skyview Apartments Katampe,Apartment,booking@skyapartmentabuja.com,0703 237 3366,Cold Outreach,New,No,,,
StayAbuja Shortlets,Apartment,stay@stayabuja.com,0818 200 1122,Cold Outreach,New,No,,,
The Cove Apartments,Apartment,info@thecoveapartments.ng,0906 202 4888,Cold Outreach,New,No,,,
Tupon Luxury Homes,Apartment,,0817 776 6110,Cold Outreach,New,No,,,
Turtledove Investments,Apartment,turtledoveinvestments@gmail.com,0803 924 7636,Cold Outreach,New,No,,,
Westcrib (Lake Chad Maitama),Apartment,info@westcrib.com,0803 123 4567,Cold Outreach,New,No,,,
Work & Stay Abuja,Apartment,reservations@workandstay.ng,0906 000 0085,Cold Outreach,New,No,,,
Abuja Continental Hotel,Apartment,info@abujacontinental.com,0209 461 2000,Cold Outreach,New,No,,,
Amon Heights Limited,Apartment,olawale.akinmeji@yahoo.com,0904 083 7557,Cold Outreach,New,No,,,
Arinze Onovo Consulting,Apartment,onovoarinze2@gmail.com,0806 364 7009,Cold Outreach,New,No,,,
Belanova Apartments & Suites,Apartment,,0803 241 1205,Cold Outreach,New,No,,,
Best Premier Maitama Residence,Apartment,reservations.maitamaresidence@bestpremierhotel.com,0703 457 0569,Cold Outreach,New,No,,,
Bolton White Hotel & Apartments,Apartment,info@boltonwhitehotel.com,0903 885 2466,Cold Outreach,New,No,,,
BON Hotel Elvis Abuja,Apartment,elvis@bonhotels.com,0702 674 1111,Cold Outreach,New,No,,,
Cocoon Luxury Suites,Apartment,info@cocoonabuja.com,0913 489 6045,Cold Outreach,New,No,,,
Comfy Habitat Ltd,Apartment,comfyhabitatltd@gmail.com,0806 569 7600,Cold Outreach,New,No,,,
Crystal Beds Nigeria,Apartment,reservations@crystalbeds.com.ng,0905 555 1137,Cold Outreach,New,No,,,
Didihomes,Apartment,,0810 269 3376,Cold Outreach,New,No,,,
Divineglo Properties Ltd,Apartment,,0708 108 0769,Cold Outreach,New,No,,,
Eclat HR & Hospitality,Apartment,jobs@eclathrconsulting.com.ng,0708 888 8249,Cold Outreach,New,No,,,
Elele Kings & Co Limited,Apartment,,0905 752 9047,Cold Outreach,New,No,,,
Havista Hotels Limited,Apartment,havisthotels@gmail.com,0803 450 6445,Cold Outreach,New,No,,,
Hotels.ng (Corporate Office),Apartment,reservations@hotels.ng,0700 880 8800,Cold Outreach,New,No,,,
Jide Taiwo & Co,Apartment,abuja@jidetaiwoandco.com,0705 209 0270,Cold Outreach,New,No,,,
Nordic Villa Abuja,Apartment,hello@nordichospitalitygroup.com,0703 682 9922,Cold Outreach,New,No,,,
Omozo Residences,Apartment,info@thecoveapartments.ng,0906 202 4888,Cold Outreach,New,No,,,
Private Property Nigeria,Apartment,info@privateproperty.com.ng,0809 999 6115,Cold Outreach,New,No,,,
Propertyvesto Ltd,Apartment,vestates@vestates.com,0913 830 0916,Cold Outreach,New,No,,,
Shortlets Abuja NG,Apartment,info@shortletng.com,0902 388 5582,Cold Outreach,New,No,,,
The Envoy Hotel Abuja,Apartment,hotel@theenvoyabuja.com,0803 901 3000,Cold Outreach,New,No,,,
Villa Afrika Realty,Apartment,info@villaafrika.com,0708 355 5881,Cold Outreach,New,No,,,
Westcrib Realtor,Apartment,info@westcrib.com,0803 123 4567,Cold Outreach,New,No,,,
Four Palms Residence,Apartment,info@fourpalmsresidence.com,,Cold Outreach,New,No,,,
https://www.tripadvisor.com/Hotel_Review-g293825-d8832831-Reviews-Sheer_Luxury_Apartments_and_Suites-Abuja_Federal_Capital_Territory.html,Apartment,reservation@sheerluxuryabuja.com,,Cold Outreach,New,No,,,
Nest Spa & Suites,Apartment,https://www.google.com/search?sca_esv=0ccad900ef2a9a41&sxsrf=ANbL-n6CD91U-aqTnX_n7WEc7LkPtPDWyg%3A1771411955257&q=nestsuitesabuja%40gmail.com&source=lnms&fbs=ADc_l-aN0CWEZBOHjofHoaMMDiKpaEWjvZ2Py1XXV8d8KvlI3oS--rGJkYYVqoCX1ykAQd2xzM91V5ftMSB0gjTOBA-_roobkowlNf1tdv6rSx4oSc20MpQavFN9l2layRjjW2CrQiaj_2Kq8HQIsA-Pl3bpk8Ze8OJo_10S79mIoYG52MLpUCXQNH5ZcSsXLcAjRGrg7Rbxhdlpxg-fDCVBbTnWqmeJRg&sa=X&ved=2ahUKEwie1_bk7-KSAxWbUEEAHcy8MisQgK4QegQIARAC&biw=1536&bih=730&dpr=1.25&mstk=AUtExfB91i-FT473PGfuOdSpv15mfbDXsoMGHE4g8qYM7EzOuitI5KaDKFil_0djw7YQdU42hNhDlerU7B9ko0b4YJ94wpGmUBm6-msx3ZdzaJr03idYm5M_fDq75ycOzKpS_exl2DAQMocEmDgX0mLFxRyoNM4tkqm5CvVqnwQiVlPDleXHt-h-HmL46z1T30MKWGGW4SkoIwrEZoBE5ROdLc0hPYJ5cth9WWisIKi0ANsWuazir0fLCQ9XplmDK8KW6B4qFZmWUZrJ5kEfYfOuViM8&csui=3,,Cold Outreach,New,No,,,
https://www.tripadvisor.com/Hotel_Review-g293825-d12684780-Reviews-Valley_Hill_Residence-Abuja_Federal_Capital_Territory.html,Apartment,valleyhillresidence@gmail.com,,Cold Outreach,New,No,,,
Auxano service apartment,Apartment,https://www.google.com/search?q=auxanorecruitments%40gmail.com&biw=1536&bih=730&sca_esv=0ccad900ef2a9a41&sxsrf=ANbL-n7CiLpfX_ilFALh5T6ve4SXAPUSVw%3A1771412873785&ei=iZ2VaZrPL5SDhbIP7Pr-0AE&oq=auxano+service+apartment+e&gs_lp=Egxnd3Mtd2l6LXNlcnAiGmF1eGFubyBzZXJ2aWNlIGFwYXJ0bWVudCBlKgIIADIFECEYoAEyBRAhGKABMgUQIRigATIFECEYnwUyBRAhGJ8FMgUQIRifBTIFECEYnwVIiR1QmQhYpw1wAXgAkAEAmAGIAqABjQSqAQMyLTK4AQHIAQD4AQGYAgOgApwEwgIREC4YgAQYsAMYxwEYmAUYrwHCAgcQABiwAxgewgIOEAAYgAQYsAMYhgMYigXCAggQABiwAxjvBcICCxAAGIAEGLADGKIEwgIJEAAYFhjJAxgewgIGEAAYFhgewgICECbCAgsQABiABBiGAxiKBcICBRAAGO8FwgIIEAAYgAQYogSYAwCIBgGQBgmSBwUxLjAuMqAH6w2yBwMyLTK4B5gEwgcFMC4yLjHIBwiACAA&sclient=gws-wiz-serp&mstk=AUtExfBN5PsGa4ZVO4HlP7wlhMW7KIJVC2Nx1-EsfX3X-2n0y6YmDD510wesK5UnPMtXy1J_DGWvb-FzLxblqZPad4oxr3qCA8xInvNrPuhkelpFXczSIJPk5i4l9Psl77jjyh5ZbSXBf8ld2im_QaOiYKcKiATna9ewcCghU1wiVth3J0YncRLm43T1wwvE93u9CiMCXJ6jCH1-pMWszUCN5gtTmKXTvSz8zdRzJlg-g00MHJgTukllNUQXgeQfPCbxMmoSJJY1ikkYZRRsOINbjwmA&csui=3&ved=2ahUKEwiNvq2e8-KSAxXdW0EAHehzFkUQgK4QegQIAhAC,,Cold Outreach,New,No,,,
Imperio apartments,Apartment,,,Cold Outreach,New,No,,,
MUFTYZ SHORTLET LTD,Apartment,ekwejudithc93@gmail.com,,Cold Outreach,New,No,,,
BATOHA STAY APARTMENTS,Apartment,,+234 707 243 1225,Cold Outreach,New,No,,,
Tranquila Hotels and Suites,Apartment,info@tranquilahotelsandsuites.com,,Cold Outreach,New,No,,,
pearl gate hotel,Apartment,pearlgatehotel@gmail.com,+234 809 214 6674,Cold Outreach,New,No,,,
Cozy Cove Residence,Apartment,,,Cold Outreach,New,No,,,
Cozy Leisure Apartments,Apartment,info@cozyleisureltd.com,,Cold Outreach,New,No,,,
Haussefour Apartments Abuja,Apartment,,,Cold Outreach,New,No,,,
House 20 apartment,Apartment,,,Cold Outreach,New,No,,,
Hyde19 Apartments,Apartment,,,Cold Outreach,New,No,,,
Carolina Apartments Wuye,Apartment,,,Cold Outreach,New,No,,,
Wallgate Apartments,Apartment,,08063287709,Cold Outreach,New,No,,,
Metrohut service apartment,Apartment,,,Cold Outreach,New,No,,,
Bizarre luxury apartment,Apartment,,+234 901 816 7433,Cold Outreach,New,No,,,
Haya haus your home away from home,Apartment,,,Cold Outreach,New,No,,,
Mont Kalm and suites (kano),Apartment,,+234 814 880 8800,Cold Outreach,New,No,,,
Marshall Hotel Apartments,Apartment,info@marshallhotelapartments.com,,Cold Outreach,New,No,,,
Mozida Suites,Apartment,info@mozidasuites.com,,Cold Outreach,New,No,,,
Sarina Suites and Apartments,Apartment,https://www.google.com/search?q=sarinasuites%40gmail.com&oq=Sarina+Suites+and+Apartments+em&gs_lcrp=EgZjaHJvbWUqBwgBECEYoAEyBggAEEUYOTIHCAEQIRigATIHCAIQIRigATIHCAMQIRiPAjIHCAQQIRiPAtIBCDQwNTlqMGo0qAIAsAIB&sourceid=chrome&ie=UTF-8&mstk=AUtExfAjmxh6C-hElI0ZGkxUPGaxhy20W41JasKJTUFUmNlvm7XWd3_QC2HWIt4yrwiYsGXYNUdLX_0jDEYH1ttq3byONFhd13riq7Ya0PDfVt49hsCrFU_bEPr1ajQkz9qNfmF433neJcgBAzlGiWxqT_GMbbq9Ci5pfVJJsN4mGP5Ue83_e3AACjPDWMhf9UbBAV6EMqyZEqJfD0XEYCAIj1FSj_IQaVG55-MNOt5D5MpYwBkA44JV9IWRGsIutPv9Ib8&csui=3&ved=2ahUKEwjR45-G9_GSAxXllP0HHSzhF0gQgK4QegQIARAC.,,Cold Outreach,New,No,,,
Swiss pearl continental hotel,Apartment,,+234 901 552 5389,Cold Outreach,New,No,,,
The Prestige Villa Kano,Apartment,,0802 846 0335,Cold Outreach,New,No,,,
Ridge Ville Apartment By Platinum,Apartment,,,Cold Outreach,New,No,,,
Bafra International Hotels Limited,Apartment,bafrainternationalhotels@yahoo.com,,Cold Outreach,New,No,,,
Epitome Hotel,Apartment,info@epitomehotel.com,,Cold Outreach,New,No,,,
Azbir Hotels,Apartment,info@azbirhotels.com,,Cold Outreach,New,No,,,
KAIR Service Apartments,Apartment,Info@kairserviceapartments.com,,Cold Outreach,New,No,,,
Deno Hotels and Apartment New GRA Bauchi,Apartment,https://www.google.com/search?q=denohotels%40gmail.com&sca_esv=ebb5432a0b54a5d4&biw=1536&bih=730&sxsrf=ANbL-n4jFCPtIkzH29ZnvSqo4NrUIuB5Xg%3A1771930869247&ei=9YSdaengDrW3hbIPw6uj8Ak&oq=Deno+Hotels+and+Apartment+New+GRA+Bauchi+email+address&gs_lp=Egxnd3Mtd2l6LXNlcnAiNkRlbm8gSG90ZWxzIGFuZCBBcGFydG1lbnQgTmV3IEdSQSBCYXVjaGkgZW1haWwgYWRkcmVzcyoCCAAyChAhGKABGMMEGAoyChAhGKABGMMEGApI1CRQ2RVY2RVwAXgAkAEAmAGNAqABjQKqAQMyLTG4AQHIAQD4AQL4AQGYAgKgApUCwgILEAAYgAQYsAMYogTCAggQABiwAxjvBZgDAIgGAZAGBJIHBTEuMC4xoAf_BLIHAzItMbgHkALCBwUwLjEuMcgHBIAIAA&sclient=gws-wiz-serp&mstk=AUtExfCWPX9GGjtimRYWKUn-xrd5Ygz9IIUQMe0UDf3j7Nmc02TRvV2LMEAod36aLnF9e7kRb370PbUgvxr3AdOTuF0_x7X2plIEZPTB543aERULWmf7QkJVxhQUL9tmkoDscTUYfsG4_JDx8lFREQft8xQMCWESUjiv1U0stbuevCSisMphTJoEdRVr1kq91WziVB3z&csui=3&ved=2ahUKEwiRhaTj_fGSAxVNWEEAHSI2ExMQgK4QegQIARAC,,Cold Outreach,New,No,,,
Maryama Guest Palace,Apartment,maryamagpbauchi@gmail.com,,Cold Outreach,New,No,,,
Chartwell Hotel and Suites,Apartment,info@chartwellhospitality.com,,Cold Outreach,New,No,,,
Mayfair Hotel Wuse2 Abuja,Apartment,mayfairhotelswuse2@gmail.com,,Cold Outreach,New,No,,,
"Vamble Apartments and Suites, Jahi, Abuja",Apartment,reservation@vambleapartments.com,,Cold Outreach,New,No,,,
Jamil Guest Palace,Apartment,reservation@jamilguestpalace.com,,Cold Outreach,New,No,,,
Avillah Apartments,Apartment,avillahapartments@gmail.com,,Cold Outreach,New,No,,,
Utobert,Apartment,consult@utobert.com,,Cold Outreach,New,No,,,
Vulcan suites,Apartment,manager@vulcansuites.com,,Cold Outreach,New,No,,,
Chrisvirgy Apartments,Apartment,chrisvirgyapartments@gmail.com,,Cold Outreach,New,No,,,
The Meridian Apartments Abuja,Apartment,guestrelations@themeridianapartments.ng,,Cold Outreach,New,No,,,
Nathivian Apartment,Apartment,,,Cold Outreach,New,No,,,
Casalavoro Residence wuse2,Apartment,https://www.google.com/search?q=info%40casalavororesidence.com&oq=Casalavoro+Residence+wuse2+e&gs_lcrp=EgZjaHJvbWUqCQgCECEYChigATIGCAAQRRg5MgkIARAhGAoYoAEyCQgCECEYChigATIJCAMQIRgKGKABMgkIBBAhGAoYoAEyCQgFECEYChigATIHCAYQIRiPAjIHCAcQIRiPAjIHCAgQIRiPAtIBCDQwNzFqMGo5qAIGsAIB8QV3N4oG5vJR2A&sourceid=chrome&ie=UTF-8&mstk=AUtExfA3i40OWVSavbu9xwt7mOQT76OUIMBq3MweKZV7vqpxoS1jNbSbtlgJ6lITsYZW9NCHmimdw2-UHeLzgwLDdQFzEauemNPzNum7b608tVWoFTTAnhOljXQJxiB8gITiEKVS4A0OLZsr32keEwOBZRGGOsJtGoc06OcUD_jKXEHCOASntkv8gbTU0_O2pn5cdGQC&csui=3&ved=2ahUKEwiilbKYtfKSAxUPV0EAHciSB2MQgK4QegQIARAC https://www.google.com/search?q=reservation%40casalavororesidence.com&oq=Casalavoro+Residence+wuse2+e&gs_lcrp=EgZjaHJvbWUqCQgCECEYChigATIGCAAQRRg5MgkIARAhGAoYoAEyCQgCECEYChigATIJCAMQIRgKGKABMgkIBBAhGAoYoAEyCQgFECEYChigATIHCAYQIRiPAjIHCAcQIRiPAjIHCAgQIRiPAtIBCDQwNzFqMGo5qAIGsAIB8QV3N4oG5vJR2A&sourceid=chrome&ie=UTF-8&mstk=AUtExfA3i40OWVSavbu9xwt7mOQT76OUIMBq3MweKZV7vqpxoS1jNbSbtlgJ6lITsYZW9NCHmimdw2-UHeLzgwLDdQFzEauemNPzNum7b608tVWoFTTAnhOljXQJxiB8gITiEKVS4A0OLZsr32keEwOBZRGGOsJtGoc06OcUD_jKXEHCOASntkv8gbTU0_O2pn5cdGQC&csui=3&ved=2ahUKEwiilbKYtfKSAxUPV0EAHciSB2MQgK4QegQIARAD hr@casalavoro.net   hr@casalavoro.net or enquires@casalavorolimited.com,,Cold Outreach,New,No,,,
Lia's Court Apartments,Apartment,liascourtng@gmail.com,,Cold Outreach,New,No,,,
Neiverder Lounge and Apartments,Apartment,neiverder@yahoo.com,+234 814 880 8800,Cold Outreach,New,No,,,
mikuch apartment and suite wuse 2,Apartment,Mikuchglobal2017@gmail.com,,Cold Outreach,New,No,,,
Kyeston Apartment Hotel,Apartment,kyestonapartment@gmail.com,,Cold Outreach,New,No,,,
Presken Hotels,Apartment,bookings@preskenhotels.com,,Cold Outreach,New,No,,,
The York apartments,Apartment,,+234 705 555 5998,Cold Outreach,New,No,,,
The Boulevard Abuja,Apartment,Info@boulevardhotelgroup.com,,Cold Outreach,New,No,,,
Danmarna petroleum,Oil and Gas,info@danmarnapetroleum.com,+234 703 977 4379,Cold Outreach,New,No,,,
Omoh Oil And Gas Limited,Oil and Gas,,,Cold Outreach,New,No,,,
Shell Petroleum Dev Co Of Nigeria,Oil and Gas,shellnigeria@shell.com,+234 807 026 9999,Cold Outreach,New,No,,,
Elf Petroleum Nigeria Ltd,Oil and Gas,,,Cold Outreach,New,No,,,
Fanfaro oil Abuja,Oil and Gas,,,Cold Outreach,New,No,,,
BAYSCOM ENERGY LTD,Oil and Gas,info@bayscomenergy.com,+234 803 831 3791,Cold Outreach,New,No,,,
Nexgas,Oil and Gas,,,Cold Outreach,New,No,,,
Conoil,Oil and Gas,info@conoilplc.com,019032991,Cold Outreach,New,No,,,
Onelink International,Oil and Gas,onelinkdigitals@gmail.com,+234 929 205 38,Cold Outreach,New,No,,,
Duke Global Energy Limited,Oil and Gas,,,Cold Outreach,New,No,,,
A.A BAMZ OIL & GAS RESOURCES LTD,Oil and Gas,,,Cold Outreach,New,No,,,
Hyson Nigeria Limited,Oil and Gas,,,Cold Outreach,New,No,,,
Dan Oil and Petrochemicals Ltd,Oil and Gas,info@danoilltd.com,+234 805 912 8072,Cold Outreach,New,No,,,
Kingscity Oil and Gas Ventures,Oil and Gas,,,Cold Outreach,New,No,,,
Deroll Synergy Oil & Gas Ltd,Oil and Gas,,,Cold Outreach,New,No,,,
QLEUM ENERGY SERVICES LIMITED,Oil and Gas,info@qleum.com,,Cold Outreach,New,No,,,
Nigeria LNG Limited,Oil and Gas,contactus@nlng.com,+234 803 907 4000,Cold Outreach,New,No,,,
Whitepage International Concept Ltd,Oil and Gas,,,Cold Outreach,New,No,,,
VINAGAS & POWER LTD,Oil and Gas,,,Cold Outreach,New,No,,,
Amg Petro Energy Limited,Oil and Gas,,+234 9 413 3440,Cold Outreach,New,No,,,
Seven Oceans Oil and Gas Limited,Oil and Gas,info@7oceansoilandgas.com,+234 809 983 0687,Cold Outreach,New,No,,,
TotalEnergies House,Oil and Gas,info@ng.totalenergies.com,+234 803 903 7007,Cold Outreach,New,No,,,
AAZIK GROUP,Oil and Gas,info@aazik.com,+234 916 113 0000,Cold Outreach,New,No,,,
Proserve Energy Services,Oil and Gas,abuja@proservenergy.com,+234 809 873 1554,Cold Outreach,New,No,,,
Red Star Oil & Gas Limited,Oil and Gas,info@redstaroilandgas.com,+234 706 073 9603,Cold Outreach,New,No,,,
QSA Oil & Gas,Oil and Gas,info@qsaoilandgas.com,+234 902 894 0975,Cold Outreach,New,No,,,
Nigitrade Group,Oil and Gas,,,Cold Outreach,New,No,,,
IXUS OIL AND GAS,Oil and Gas,,,Cold Outreach,New,No,,,
Barbedos Oil & Gas Services Ltd,Oil and Gas,,,Cold Outreach,New,No,,,
Gohanah Nigeria Limited,Oil and Gas,,,Cold Outreach,New,No,,,
Kinsfield Energy Ltd,Oil and Gas,,,Cold Outreach,New,No,,,
Leovic Petroleum Resources Ltd,Oil and Gas,,,Cold Outreach,New,No,,,
Oseberg Oil and Gas Service,Oil and Gas,,,Cold Outreach,New,No,,,
Jikhelom Oil and Gas Limited,Oil and Gas,,,Cold Outreach,New,No,,,
JN2T Energy,Oil and Gas,info@jn2tenergy.com,+234 817 056 6583,Cold Outreach,New,No,,,
MUSALANI PETROLEUM LIMITED,Oil and Gas,,,Cold Outreach,New,No,,,
Techno Oil Limited,Oil and Gas,business@technooil.com,+234 916 000 1443,Cold Outreach,New,No,,,
Sun Trust Oil,Oil and Gas,info@suntrustoil.com,+234 461 5447,Cold Outreach,New,No,,,
Cozy crib apartment,Apartment,cozycribapartment@gmail.com,,Cold Outreach,New,No,,,
Truth palazzo,Apartment,truthpalazzo@outlook.com,,Cold Outreach,New,No,,,
Lumora apartment,Apartment,,7066702366,Cold Outreach,New,No,,,
stp apartment,Apartment,stpapartments01@gmail.com,,Cold Outreach,New,No,,,
haidisl apartments,Apartment,info@haidislapartments.com,7071888866,Cold Outreach,New,No,,,
Sejour asokoro,Apartment,sejourasokoro@gmail.com,9068527825,Cold Outreach,New,No,,,
peppers grill apartment lifecamp,Apartment,,9060008108,Cold Outreach,New,No,,,
phoenix imperial abuja,Apartment,phoenixapartmentsng@gmail.com,,Cold Outreach,New,No,,,
Nopares Apartment,Apartment,noparesapartment@gmail.com,,Cold Outreach,New,No,,,
Cruxcon BNB,Apartment,cruxcon.ng@gmail.com,,Cold Outreach,New,No,,,
Reno apartment,Apartment,renoapartmentsabuja@gmail.com,,Cold Outreach,New,No,,,
the villa abuja,Apartment,grandvillahouse@gmail.com,,Cold Outreach,New,No,,,
L25 apartments,Apartment,l25shortlets001@gmail.com,,Cold Outreach,New,No,,,
cocoon Abuja,Apartment,info@cocoonabuja.com,9134896045,Cold Outreach,New,No,,,
sparkles apartment,Apartment,sparklesapartments@gmail.com,,Cold Outreach,New,No,,,
Laire apartments,Apartment,,8066299622,Cold Outreach,New,No,,,
Buildage limited,Apartment,buildagelimited@gmail.com,,Cold Outreach,New,No,,,
The class luxury apartment,Apartment,,9033027824,Cold Outreach,New,No,,,
De calma apartments,Apartment,cpearl404@gmail.com,,Cold Outreach,New,No,,,
Blessed  apartment,Apartment,pakpama1@gmail.com,,Cold Outreach,New,No,,,
brownish apartment,Apartment,brownishapartment@gmail.com,,Cold Outreach,New,No,,,
NES Luxury apartment,Apartment,nesluxuryapartmentsltd@gmail.com,,Cold Outreach,New,No,,,
savika apartment,Apartment,savikapartments@gmail.com,,Cold Outreach,New,No,,,
mabu apartment,Apartment,hello.mabuapartment@gmail.com,,Cold Outreach,New,No,,,
ocean luxury suites,Apartment,oceanluxurysuite@gmail.com,,Cold Outreach,New,No,,,
Stayelysianhotels,Apartment,gm@stayelysian.com,,Cold Outreach,New,No,,,
Celeste Suites,Apartment,celestesuitesabuja@gmail.com,,Cold Email,Contacted,Yes,,,
Blue haven residence,Apartment,reservations@bluehavenresidence.com,,Cold Email,Contacted,Yes,,,
Mini palace suites,Apartment,minipalacesuites.ng@gmail.com,,Cold Email,Contacted,Yes,,,
Wigo apartment,Apartment,wigoapartments@gmail.com,,Cold Email,Contacted,Yes,,,
Hoolio apartment,Apartment,hoolioapartments@gmail.com,7046441151,Cold Email,Contacted,Yes,,,
Nelle residence,Apartment,https://www.google.com/search?q=nelleresidence%40gmail.com&sca_esv=3087728c2f704245&sxsrf=ANbL-n6x8NdC-_wINWONe05iIhOzuvsjOg%3A1774515904191&ei=wPbEac2tC6yFhbIPosC-qAI&biw=1913&bih=1803&oq=Nelle+Residence+email&gs_lp=Egxnd3Mtd2l6LXNlcnAiFU5lbGxlIFJlc2lkZW5jZSBlbWFpbCoCCAAyBRAhGKABSMAbUIgBWK4NcAF4AJABAJgBlQKgAfQLqgEDMi02uAEByAEA-AEBmAIHoAKyDMICCxAAGLADGAgYChgewgIJEAAYsAMYCBgewgIIEAAYFhgKGB7CAgYQABgWGB7CAggQABiABBiiBMICBRAAGO8FwgIHECEYoAEYCpgDAIgGAZAGCpIHBTEuMC42oAeoEbIHAzItNrgHpgzCBwcwLjMuMS4zyAcngAgA&sclient=gws-wiz-serp&mstk=AUtExfB4aY5P9S1QXueiWfeQiJhhBZIuxPpUo-j3_Lu1IN_a0sKAZ3IlvnR2LUXu8LJ7DwrzF4RDE63PCdvZ1CcdAhhmCh1K04eZF3coSIEwwWck40PailqGqTGB2J4WeF64ASGTi6pihyCn13guF6TqIePgHVO11IwmEGO_kZ6XBCKofuvQXd-_afjPfBdMcDtwmeuT&csui=3&ved=2ahUKEwj04pH3mr2TAxUPa0EAHQzNNDYQgK4QegQIARAC,,Cold Email,Contacted,Yes,,,
Kays place apartment,Apartment,Kaysplaceapartment@gmail.com,,Cold Email,Contacted,Yes,,,
Avon apartment,Apartment,avonapartments1@gmail.com,,Cold Email,Contacted,Yes,,,
The libreville hotel,Apartment,thelibrevillehotel @aol.com,,Cold Email,Contacted,Yes,,,
Luxor apartment hotel,Apartment,info.luxorapartment@gmail.com,,Cold Email,Contacted,Yes,,,
Limewood villa,Apartment,limewoodvilla@outlook.com,,Cold Email,Contacted,Yes,,,
Spiffy apartment,Apartment,spiffycozycorner@gmail.com,7061616437,Cold Email,Contacted,Yes,,,
Jay T apartment,Apartment,aaronyaro2020@gmail.com,8137118498,Cold Email,Contacted,Yes,,,
Truth palazzo,Apartment,support@truthpalazzo.com,0704 481 4484,Cold Email,Contacted,Yes,,,
Delight Apartment Asaba,Apartment,delightapartmentasaba@gmail.com,,Cold Outreach,New,No,,,
Sae apartment,Apartment,saeapartment@gmail.com,8112929361,Cold Outreach,New,No,,,
Castle estate apartment,Apartment,castleestateapts@gmail.com,8037617624,Cold Outreach,New,No,,,
The Merit Residence,Apartment,,9168912329,Cold Outreach,New,No,,,
Isha’s Apartment,Apartment,,9047053931,Cold Outreach,New,No,,,
Lodge and Loft by Edala,Apartment,lodgeandloft@gmail.com,,Cold Outreach,New,No,,,
Sparkles Apartment,Apartment,sparklesapartments@gmail.com,,Cold Outreach,New,No,,,
Nicotel Apartment,Apartment,gm.nicotelapartments@gmail.com,,Cold Outreach,New,No,,,
Khomes Ng,Apartment,khommes115@gmail.com,,Cold Outreach,New,No,,,
Platinum nook apt,Apartment,platinumnookapt22@outlook.com,,Cold Outreach,New,No,,,
The Cate house,Apartment,thecatehouse@gmail.com,,Cold Outreach,New,No,,,
Raiz apartment,Apartment,raizapartments@gmail.com,,Cold Outreach,New,No,,,
Bott Apartment,Apartment,bottapartments@gmail.com,,Cold Outreach,New,No,,,
Nia Inns,Apartment,alisiobitoniarealty@gmail.com,,Cold Outreach,New,No,,,
Tag Homes,Apartment,taghomesng@gmail.com,,Cold Outreach,New,No,,,
Opulence Realty SStays,Apartment,opulencerealty96@gmail.com,,Cold Outreach,New,No,,,
Vluxe Apartment,Apartment,,9130160111,Cold Outreach,New,No,,,
Homestead Apartments,Apartment,info@homesteadapartmentng.com,8100020401,Cold Outreach,New,No,,,
Sure apartment,Apartment,sureapartments@gmail.com,9035244702,Cold Outreach,New,No,,,
Arlene apartment,Apartment,ukonuarlene@gmail.com,,Cold Outreach,New,No,,,
Homes by Sai,Apartment,sandrachiamaka2222@gmail.com,9046072494,Cold Outreach,New,No,,,
Halita apartments,Apartment,halitapartments@gmail.com,8034886507,Cold Outreach,New,No,,,
Labnurs Apartment Abuja,Apartment,labnursshortletabuja@gmail.com,9072297775,Cold Outreach,New,No,,,
Mozabella homes,Apartment,mozabellahomes@gmail.com,7046240736,Cold Outreach,New,No,,,
Benioni apartment,Apartment,benioniapartment@gmail.com,8066558811,Cold Outreach,New,No,,,
Mayi apartment,Apartment,mayiapartments@gmail.com,9063542370,Cold Outreach,New,No,,,
Naay shortlet,Apartment,naayshortlet@gmail.com,9019414709,Cold Outreach,New,No,,,
Nivana homes,Apartment,nivanaomes@gmail.com,9020279968,Cold Outreach,New,No,,,
Nuve lifestyle,Apartment,,9051519951,Cold Outreach,New,No,,,
De Luciee Abuja,Apartment,christygold43@gmail.com,7048986669,Cold Outreach,New,No,,,
Fortview luxury,Apartment,hillsandhomes@gmail.com,9066474146,Cold Outreach,New,No,,,
Citiscape apartment,Apartment,customerexperience@citiscapeng.com,,Cold Outreach,New,No,,,
Arel apartment,Apartment,,8028055627,Cold Outreach,New,No,,,
Hamlet Homes,Apartment,,7046138413,Cold Outreach,New,No,,,
The Breeze Apartment,Apartment,,,Cold Outreach,New,No,,,
Ladda Apartment,Apartment,,+234 816 601 1541,Cold Outreach,New,No,,,
Kodeland apartment,Apartment,,,Cold Outreach,New,No,,,
The york  apartment,Apartment,,7055555998,Cold Outreach,New,No,,,
The residences at fomella,Apartment,,8167443570,Cold Outreach,New,No,,,
Sparklyn Hotel & Suites,Apartment,booking@sparklynhotels.com,7061745277,Cold Outreach,New,No,,,
Lake home apartment,Apartment,,9075460522,Cold Outreach,New,No,,,
The seraphic homes,Apartment,theseraphichomes@gmail.com,8140964313,Cold Outreach,New,No,,,
the suite residence,Apartment,shalomottobiz@gmail.com,,Cold Outreach,New,No,,,
Bellz apartment,Apartment,info.bellzsecret@gmail.com,8081915299,Cold Outreach,New,No,,,
Zodiac staycation,Apartment,,8065795564,Cold Outreach,New,No,,,
Brown doors apartment,Apartment,,8137503561,Cold Outreach,New,No,,,
Amanda residence,Apartment,amandaresidence@yahoo.com,9063160448,Cold Outreach,New,No,,,
Comfort shortlet  apartment,Apartment,,9072635974,Cold Outreach,New,No,,,
Premier heights,Apartment,,9027969510,Cold Outreach,New,No,,,
ALUBARIKA SERVICE APARTMENT,Apartment,alubarikaserviceapartments@gmail.com,8102684582,Cold Outreach,New,No,,,
Kodeland Apartment House,Apartment,apartment@page2group.com,8167903692,Cold Outreach,New,No,,,
Sereno Apartment,Apartment,,8124106878,Cold Outreach,New,No,,,
Lumora Apartment,Apartment,,7066702366,Cold Outreach,New,No,,,
68 place by citystake,Apartment,citystakelimited@gmail.com,,Cold Outreach,New,No,,,
The velour stays,Apartment,velourstays@gmail.com,,Cold Outreach,New,No,,,
Movora Shortlet,,,,Cold Outreach,New,No,,,
Canwee apartment,Apartment,,9161505989,Cold Outreach,New,No,,,
Nook royale apartment,Apartment,,7042191784,Cold Outreach,New,No,,,
Smile dental abuja,Healthcare,info.sdp@smiledentalgrp.com,7063620709,Cold Outreach,New,No,,,
Zoom exclusive dental,Healthcare,zoomexclusivedentalservices@gmail.com,7014141487,Cold Outreach,New,No,,,
Onyx 360 dental clinic,Healthcare,onyx360dentalcare@yahoo.com,8187046419,Cold Outreach,New,No,,,
Smile 360,Healthcare,reception@smile360ng.com,8181360444,Cold Outreach,New,No,,,
Snow dental care phc,Healthcare,kelvinonwachukwu@gmail.com,8081775448,Cold Outreach,New,No,,,
Beacon hill clinic,Healthcare,,8125215208,Cold Outreach,New,No,,,
Beam dental clinic,Healthcare,egwoloredje@gmail.com,8078352939,Cold Outreach,New,No,,,
QH specialist dental,Healthcare,qhspecialistdentalclinics@gmail.com,7052200501,Cold Outreach,New,No,,,
Crystal palace dental care,Healthcare,crystalpalacedentalcareabuja@gmail.com,7082000533,Cold Outreach,New,No,,,
Bethel dental clinic,Healthcare,doctoruche73@yahoo.com,8037151942,Cold Outreach,New,No,,,
Blanche dental clinic,Healthcare,blanchedentalbusiness@gmail.com,9011999176,Cold Outreach,New,No,,,
First mobile dental care,Healthcare,firstmobiledentalcare@gmail.com,8037876386,Cold Outreach,New,No,,,
Luxe dental,Healthcare,luxedentalpractise@gmail.com,9044374007,Cold Outreach,New,No,,,
SS dental clinic,Healthcare,bizdev@ssdentalclinicltd.com,8088878265,Cold Outreach,New,No,,,
Lead Medical hub,Healthcare,leadmedical0@gmail.com,9065199645,Cold Outreach,New,No,,,
Brighton dental clinic,Healthcare,info@brightondentalng.com,7044333359,Cold Outreach,New,No,,,
Ferayan DD Clinic,Healthcare,ferayanpatients@gmail.com,9016444444,Cold Outreach,New,No,,,
Hilton dental clinics,Healthcare,hiltondental,,Cold Outreach,New,No,,,
