Company Name,Industry,Email Addresses,Phone,Text,Proposal Status,Contact Error ,Contact Person,Current Customer Feedback,Contact Title,Email Pattern,Reminder Call Status ,Reminder Call Note
PW Nigeria Limited,Construction,"mailto:christophermcquillan@pwnigeria.com
mailto:baturedankawu@pwnigeria.com
mailto:sabaudin@pwnigeria.com
mailto:dinsabau@pwnigeria.com",https://www.google.com/search?q=pw+nigeria+limited&oq=PW+NIGERIA+lIMITED&gs_lcrp=EgZjaHJvbWUqBwgAEAAYgAQyBwgAEAAYgAQyDQgBEC4YrwEYxwEYgAQyBwgCEAAYgAQyBwgDEAAYgAQyCAgEEAAYFhgeMggIBRAAGBYYHjIICAYQABgWGB4yCAgHEAAYFhgeMggICBAAGBYYHjIICAkQABgWGB7SAQg1NTk5ajBqN6gCALACAA&sourceid=chrome&ie=UTF-8#,"Enterprise Digital Transformation Proposal: Project
Management, Automation & ERP Integration for PW
Nigeria Limited",Sent,,Sabau Din,,CEO,{first}{last}@pwnigeria.com,Incorrect Number,
Reynolds Construction Company,Construction,"mailto:md@rccnigeria.com
mailto:alexy@rccnigeria.com
davidamramimailto:info@rccnigeria.com
mailto:amramidavid@rccnigeria.com",https://www.google.com/search?q=Reynolds+Construction+Company&sca_esv=fa25cb492db56b5e&sxsrf=ANbL-n5fDy1BN9LVtpq9vDD8olr-yUUvsA%3A1770812041425&ei=iXKMaZvYGaSB9u8P2bTGyQs&biw=1242&bih=545&ved=0ahUKEwjbwMX1tNGSAxWkgP0HHVmaMbkQ4dUDCBM&uact=5&oq=Reynolds+Construction+Company&gs_lp=Egxnd3Mtd2l6LXNlcnAiHVJleW5vbGRzIENvbnN0cnVjdGlvbiBDb21wYW55Mg4QLhiABBjRAxjHARjJAzIKEAAYgAQYQxiKBTILEC4YgAQYxwEYrwEyCxAAGIAEGJECGIoFMgUQABiABDIKEAAYgAQYQxiKBTIFEAAYgAQyBRAAGIAEMgUQABiABDIFEAAYgAQyHRAuGIAEGNEDGMcBGMkDGJcFGNwEGN4EGOAE2AEBSKQ-UPk3WPk3cAN4AZABAJgB-wGgAfsBqgEDMi0xuAEDyAEA-AEC-AEBmAIEoALIAsICChAAGLADGNYEGEeYAwCIBgGQBgi6BgYIARABGBSSBwUzLjAuMaAH8AyyBwMyLTG4B6oCwgcJMi0yLjEuMC4xyAdAgAgA&sclient=gws-wiz-serp#,"Enterprise Digital Transformation Proposal: Project
Management, Automation & ERP Integration for
Reynolds Construction Company",Sent,,David Amrami,,Director of Finance,{first}@rccnigeria.com,Called,
Arab Contractors Nigeria,Construction,"mailto:esraa.ashraf@arabcont.com
wael.faroukmailto:info@arabcont.com
mailto:farouk.wael@arabcont.com
mailto:mohamed.youssef@arabcont.com
waelfaroukmailto:info@arabcont.com
mailto:faroukwael@arabcont.com",+234 702 984 7612,"Strategic Development in Digital Project Management, BIM + AI ",Sent,,Eng. Wael Farouk,,Manager,{first}.{last}@arabcont.com,Available to Proceed,
Dantata & Sawoe,Construction,mailto:nasiru.dantata@dantata-sawoe.com,+234 9 330 0000,,Sent,,Dantata Nasiru,,Executive Director,{first}.{last}@dantata-sawoe.com,Not Available,
Quantum Construct Ltd,Construction,mailto:info@quantumconstructltd.com,+234 806 4937 448 +234 806 0601 111,,Sent,,Yusuf Abubakar,,COO & Founder,{first}@http://quantumconstructltd.com/,,
SABC Limited,Construction,"abdulmajeed@sabcltd.com

",0705 439 3280,,Sent,,Emmanuel Adejo,,CEO,{first}@sabcltd.com,Called,
AG Vision Construction,Construction,"mailto:info@agvisionconstruction.com
elias@agvisionconstruction.com
leba@agvisionconstruction.com
joe.b@agvisionconstruction.com",+234 803 595 0491,,Sent,,Tony Abou Ghazale,,CEO,{first}@agvisionconstruction.com,Not Available,
Setraco Nigeria,Construction,"mailto:info@setraco.net
personnel.hoffice@setraco.net",+234 806 944 7441,,Sent,,Michael Hachenberg,,MD,,Could Not Reach Stakeholder,
Monier Construction,Construction,info@mccnig.com,https://www.google.com/search?q=mONIER+CONSTRUCTION&sca_esv=fa25cb492db56b5e&biw=536&bih=544&sxsrf=ANbL-n6CPmfC3xU2sKmQpxfzUmZhfbjviA%3A1770812085171&ei=tXKMad6LCqmrhbIPr8mXyAE&ved=0ahUKEwieurOKtdGSAxWpVUEAHa_kBRkQ4dUDCBM&uact=5&oq=mONIER+CONSTRUCTION&gs_lp=Egxnd3Mtd2l6LXNlcnAiE21PTklFUiBDT05TVFJVQ1RJT04yCxAAGIAEGJECGIoFMhAQLhiABBhDGMcBGIoFGK8BMgUQABiABDIFEAAYgAQyCxAAGIAEGJECGIoFMg0QLhiABBjRAxjHARgKMgUQABiABDIFEAAYgAQyCxAuGIAEGMcBGK8BMgUQABiABEj6XFCCEVjiV3ABeAGQAQCYAYYDoAH0E6oBBTItOC4xuAEDyAEA-AEBmAIIoAK2EqgCCMICHBAuGIAEGNEDGEMYtAIY5wYYxwEYigUY6gLYAQHCAhwQLhiABBhDGLQCGOcGGMcBGIoFGOoCGK8B2AEBwgIWEAAYgAQYQxi0AhjnBhiKBRjqAtgBAcICERAuGIAEGJECGNEDGMcBGIoFwgILEC4YgAQYsQMYgwHCAgsQABiABBixAxiDAcICDhAAGIAEGLEDGIMBGIoFwgIIEC4YgAQYsQPCAhEQLhiABBixAxjRAxjHARiKBcICChAAGIAEGEMYigXCAgoQLhiABBhDGIoFwgIOEC4YgAQYsQMY0QMYxwHCAgsQABiABBixAxiKBcICCBAAGIAEGLEDwgIREC4YgAQYkQIYxwEYigUYrwHCAgsQLhiABBiRAhiKBcICDRAuGIAEGLEDGEMYigXCAg0QABiABBixAxhDGIoFwgIQEC4YgAQY0QMYQxjHARiKBcICBxAAGIAEGAqYAw3xBSbE82o02h6lugYECAEYB5IHCTEuMC4xLjUuMaAHu5sBsgcHMi0xLjUuMbgHqRLCBwczLTEuNi4xyAeTAoAIAA&sclient=gws-wiz-serp#,,Sent,,-,,-,,Could Not Reach Stakeholder,
Constrix Real Estate,Real Estate,"customerservice@constrix.com.ng
danmusa@constrix.com.ng
nura@constrix.ng
danmusa@constrix.ng",+234 9 290 9176,,Sent,,Nura Danmusa,,CEO,,Not Available,
Mshel Homes,Real Estate,-,+234 807 491 8900,,Sent,,Barka Mshelia,,CEO,,Called,
Bilaad Realty,Real Estate,"mailto:info@bilaadnigeria.com
aliyu@mailto:info@bilaadnigeria.com not available
aliyu.aliyu@mailto:info@bilaadnigeria.com",+234 700 222 2111,,Sent,,Aliyu Aliyu,,CEO,,Not Available,
Lead Property Mall,Real Estate,"admin@leadpropertymall.com
info@leadpropertymall.com",+234 802 056 5929,,Sent,,-,,-,,Not Available,saying where disturbing him
DITTO GROUP,Real Estate,"mailto:dittogrouppng@gmail.com
bolajiabayomi@gmail.com
abayomibolaji@gmail.com",tel:+2348175008943tel:+2348091331943 - switched off,,Sent,,Engr. Bolaji Abayomi,,CEO,,Could Not Reach Stakeholder,
Double J Properties,Real Estate,mailto:info@doublejnigeria.com,+234 913 000 4806,,Sent,,-,,-,,Could Not Reach Stakeholder,
Rotimi Olu & Co,Real Estate,"mailto:info@rotimioluandco.com
cosmas@mailto:info@rotimioluandco.com
sunday@mailto:info@rotimioluandco.com
olugengacollins@mailto:info@rotimioluandco.com","0805 3999 228 
090 9446 3067",,Sent,,Cosmas Mbarga,,CAO,,Could Not Reach Stakeholder,call back - meeting  still needs to proceed- vivian 
A.A Gulak & Co1,Real Estate,-,https://www.google.com/search?q=A.A+Gulak+%26+Co&oq=A.A+Gulak+%26+Co&gs_lcrp=EgZjaHJvbWUyBggAEEUYOTIHCAEQIRigATIHCAIQIRigATIHCAMQIRigATIHCAQQIRiPAjIHCAUQIRiPAtIBCDEyNjNqMGo3qAIAsAIA&sourceid=chrome&ie=UTF-8#,,Sent,,-,,-,,Called,
The MLS Properties,Real Estate,"mailto:office@themlsproperties.com
friday.ogbagiri@themlsproperties.com
purity.ighodaro@themlsproperties.com",070-561-44444,,Sent,,-,,-,,Not Available,
Ayeye & Co,Real Estate,"mailto:kubwa@ayeyeproperties.co
lugbe@ayeyeproperties.com
victor@ayeyeproperties.com
ayeye@ayeyeproperties.com
victorayeye@ayeyeproperties.com",+234 803 354 3027,,Sent,,Victor Ayeye,,CEO,,Called,
Dalema supermarket ,Supermarket,,https://www.google.com/search?q=dalema+supermarket+abuja&sca_esv=0c1974b7edb75b1d&sxsrf=ANbL-n6Zly3Satq1h1BJC-tW7r7sROHgCg%3A1769772145936&ei=cZR8aavyOKOLhbIP86fhiQ8&gs_ssp=eJzj4tVP1zc0TMvNzcsqyDA2YLRSMagwNDBJNUgyt0xMTUkxtjBIsTKosDSxSDJJNjdNMwRKpSZ5SaQk5qTmJioUlxakFuUmFmWnligkJpVmJQIAqDIY8Q&oq=Dalema+Supermarket+&gs_lp=Egxnd3Mtd2l6LXNlcnAiE0RhbGVtYSBTdXBlcm1hcmtldCAqAggAMhAQLhiABBhDGMcBGIoFGK8BMgUQABiABDIFEAAYgAQyBRAAGIAEMgYQABgWGB4yBhAAGBYYHjIGEAAYFhgeMgYQABgWGB4yBhAAGBYYHjICECZIzCZQiQ1YiQ1wAXgBkAEAmAHoAaAB6AGqAQMyLTG4AQHIAQD4AQGYAgKgAoECwgIKEAAYsAMY1gQYR5gDAIgGAZAGBZIHBTEuMC4xoAemCbIHAzItMbgH9wHCBwUyLTEuMcgHFIAIAA&sclient=gws-wiz-serp#,,Not sent,,,,,,Called,
"Kanti Plus Supermarket, Kaduna",Supermarket,,9075555423,,Sent,,,,,,Called,
Sahad stores ,Supermarket,"mailto:sahadstoresltdarea11@gmail.com.
","https://www.google.com/search?q=sahad+stores+abuja&sca_esv=0c1974b7edb75b1d&sxsrf=ANbL-n5pBhfsY5oE6yIKo52cFybQDi3OTA%3A1769772188089&ei=nJR8adiVBYe7hbIP8tCg4Q4&llpgabe=CggvbS8wZm54dw&oq=Sahad+s&gs_lp=Egxnd3Mtd2l6LXNlcnAiB1NhaGFkIHMqAggAMgoQABiABBgUGIcCMgoQABiABBhDGIoFMgUQABiABDILEAAYgAQYkQIYigUyChAAGIAEGBQYhwIyBRAAGIAEMgUQABiABDILEC4YgAQYxwEYrwEyCxAuGIAEGMcBGK8BMgoQABiABBhDGIoFSNsuUI8JWPMXcAN4AZABAJgB4wGgAeILqgEDMi03uAEByAEA-AEBmAIKoALSDMICChAAGLADGNYEGEfCAgQQIxgnwgIKECMYgAQYJxiKBcICCxAAGIAEGLEDGIMBwgIQEC4YgAQYQxjHARiKBRivAcICEBAuGIAEGLEDGIMBGBQYhwLCAhAQABiABBixAxiDARgUGIcCwgIOEC4YgAQYsQMY0QMYxwHCAhYQLhiABBixAxjRAxhDGIMBGMcBGIoFwgIFEC4YgATCAhAQABiABBixAxhDGIMBGIoFwgIKEC4YgAQYQxiKBcICEBAuGIAEGBQYxwEYhwIYrwGYAwCIBgGQBgWSBwUzLjAuN6AH_3GyBwMyLTe4B7UMwgcFMi00LjbIB1qACAA&sclient=gws-wiz-serp&lqi=ChJzYWhhZCBzdG9yZXMgYWJ1amFIve-1xOWAgIAIWh4QABABGAAYARgCIhJzYWhhZCBzdG9yZXMgYWJ1amGSAQ9zaG9wcGluZ19jZW50ZXI#
+234 700 007 2423",,Sent,Incorrect Number,,,,,Called,
4u supermarket ,Supermarket,,"https://www.google.com/search?q=%24U+Supermarket&sca_esv=0c1974b7edb75b1d&sxsrf=ANbL-n7Yj4-xPsc7vkATtfzEy09sKNpgTw%3A1769772251394&ei=25R8afTnF4G6hbIPkLWTUQ&ved=0ahUKEwi0wYKzk7OSAxUBXUEAHZDaJAoQ4dUDCBE&uact=5&oq=%24U+Supermarket&gs_lp=Egxnd3Mtd2l6LXNlcnAiDiRVIFN1cGVybWFya2V0MgYQABgWGB4yBhAAGBYYHjIGEAAYFhgeMgYQABgWGB4yBhAAGBYYHjIGEAAYFhgeMggQABgWGAoYHjIGEAAYFhgeMgYQABgWGB4yBhAAGBYYHkiNMlCyDViLL3AEeAGQAQCYAa0CoAGFG6oBCDAuMi4xMi4xuAEDyAEA-AEBmAIToALIHcICChAAGLADGNYEGEfCAg0QABiABBiwAxhDGIoFwgIIEAAYgAQYsQPCAgUQLhiABMICBRAAGIAEwgIGEAAYDRgemAMAiAYBkAYMkgcINC4wLjE0LjGgB6d0sgcGMi0xNC4xuAf9HMIHBjMtMTguMcgHjQKACAA&sclient=gws-wiz-serp&lqi=Cg4kVSBTdXBlcm1hcmtldCIDiAEBSMXkpL3lgICACFoWEAAQARgBIg4kdSBzdXBlcm1hcmtldJIBC3N1cGVybWFya2V0mgEjQ2haRFNVaE5NRzluUzBWSlEwRm5TVVJQTVc4emRWZDNFQUX6AQQIABAQ#
https://www.google.com/search?q=4u+supermarket+gwarinpa&sca_esv=0c1974b7edb75b1d&sxsrf=ANbL-n7Pv3DXAeADVN3MhnacRY1-PRPXag%3A1769772578760&ei=IpZ8aeGSLuawhbIPx8GFIA&oq=%24U+Supermarket&gs_lp=Egxnd3Mtd2l6LXNlcnAiDiRVIFN1cGVybWFya2V0KgIIADIKEAAYsAMY1gQYRzIKEAAYsAMY1gQYRzIKEAAYsAMY1gQYRzIKEAAYsAMY1gQYRzIKEAAYsAMY1gQYRzIKEAAYsAMY1gQYRzIKEAAYsAMY1gQYRzIKEAAYsAMY1gQYR0iIFFAAWABwBHgAkAEBmAHOAaABzgGqAQMyLTG4AQHIAQCYAgSgAiqYAwCIBgGQBgiSBwE0oAfyBLIHALgHAMIHBTItMy4xyAchgAgA&sclient=gws-wiz-serp#",,Sent,,,,,,Called,
Gadzama and Sons,Supermarket,,+234 913 091 9481,,Not sent,Incorrect Number,,,,,Not Available,
Dialogue pharmacy,Pharmacy,,"https://www.google.com/search?q=Dialogue+pharmacy&oq=Dialogue+pharmacy&gs_lcrp=EgZjaHJvbWUyBggAEEUYOdIBCDEwOTJqMGo3qAIIsAIB&sourceid=chrome&ie=UTF-8&lqi=ChFEaWFsb2d1ZSBwaGFybWFjeUj_uJ6e8ayAgAhaGxAAEAEYABgBIhFkaWFsb2d1ZSBwaGFybWFjeZIBCHBoYXJtYWN5#
https://www.google.com/search?q=Dialogue+pharmacy&oq=Dialogue+pharmacy&gs_lcrp=EgZjaHJvbWUyBggAEEUYOdIBCDEwOTJqMGo3qAIIsAIB&sourceid=chrome&ie=UTF-8&lqi=ChFEaWFsb2d1ZSBwaGFybWFjeUiA9uuvlbCAgAhaGxAAEAEYABgBIhFkaWFsb2d1ZSBwaGFybWFjeZIBCHBoYXJtYWN5#
https://www.google.com/search?q=Dialogue+pharmacy&oq=Dialogue+pharmacy&gs_lcrp=EgZjaHJvbWUyBggAEEUYOdIBCDEwOTJqMGo3qAIIsAIB&sourceid=chrome&ie=UTF-8&lqi=ChFEaWFsb2d1ZSBwaGFybWFjeVoTIhFkaWFsb2d1ZSBwaGFybWFjeZIBCHBoYXJtYWN5#
0912 678 3573",,Sent,,,,,,Called,call back
Lotusmart Supermarket,Supermarket,mailto:lotusmartnig@gmail.com,,,Sent,,Khaidara Aliyu Sa'i,,,,Incorrect Number,
Dia city ,Supermarket,,+234 803 322 6652,,Sent,,Abdullah Shau'ibu Bello,,,,Called,call back - meeting  still needs to proceed
Costcutter Nigeria,Supermarket,,https://www.google.com/search?q=Costcutter+Nigeria&sca_esv=d38753b02e36b910&sxsrf=ANbL-n5TYWB4zd7L7uHRbhQdaogiJehbGA%3A1769853517786&ei=TdJ9afPZL4K6hbIP4LTVyQI&ved=0ahUKEwiztO2RwrWSAxUCXUEAHWBaNSkQ4dUDCBE&uact=5&oq=Costcutter+Nigeria&gs_lp=Egxnd3Mtd2l6LXNlcnAiEkNvc3RjdXR0ZXIgTmlnZXJpYTIFEAAYgAQyAhAmMgIQJjILEAAYgAQYhgMYigUyCxAAGIAEGIYDGIoFMgsQABiABBiGAxiKBTILEAAYgAQYhgMYigUyCBAAGKIEGIkFMggQABiABBiiBEijD1DJCFjJCHAEeAGQAQCYAc4CoAHOAqoBAzMtMbgBA8gBAPgBAvgBAZgCBaACggPCAgoQABiwAxjWBBhHwgINEAAYgAQYsAMYQxiKBZgDAIgGAZAGDJIHBTQuMy0xoAfKBbIHAzMtMbgH2ALCBwUyLTIuM8gHK4AIAA&sclient=gws-wiz-serp&lqi=ChJDb3N0Y3V0dGVyIE5pZ2VyaWEiA4gBAUjwh5Tn-q-AgAhaGBAAGAAiEmNvc3RjdXR0ZXIgbmlnZXJpYZIBC3N1cGVybWFya2V0#,,Sent,,,,,,Called,call back -lucy -monday
Prince Ebeano ,Supermarket,,"07013477368
https://www.google.com/search?q=Prince+Ebeano&sca_esv=d38753b02e36b910&sxsrf=ANbL-n4PsrsUcco7cwmKlF9zWEam8ecMZA%3A1769853591150&ei=l9J9aenxCIvNhbIP5NK_mQY&ved=0ahUKEwipmeu0wrWSAxWLZkEAHWTpL2MQ4dUDCBE&uact=5&oq=Prince+Ebeano&gs_lp=Egxnd3Mtd2l6LXNlcnAiDVByaW5jZSBFYmVhbm8yChAAGIAEGBQYhwIyCxAAGIAEGJECGIoFMgsQLhiABBjHARivATILEC4YgAQYxwEYrwEyCxAAGIAEGJECGIoFMgUQABiABDILEAAYgAQYkQIYigUyDhAAGIAEGJECGMkDGIoFMgUQABiABDIFEAAYgARIyxRQ7QpYxBRwA3gBkAEAmAHyAaAB8gGqAQMyLTG4AQPIAQD4AQL4AQGYAgSgAqICwgIKEAAYsAMY1gQYR5gDAIgGAZAGA5IHBTMuMC4xoAemDrIHAzItMbgHiQLCBwcyLTIuMS4xyAcmgAgA&sclient=gws-wiz-serp&lqi=Cg1QcmluY2UgRWJlYW5vIgOIAQFIteWg_oqtgIAIWh8QABABGAAYASINcHJpbmNlIGViZWFubyoGCAIQABABkgENZ3JvY2VyeV9zdG9yZQ#
",,Sent,Incorrect Number,,,,,Called,
Tibilon Construction Ltd,Construction,"info@tibilonconstruction.com.ng
tochukwu@tibilonconstruction.com.ng",https://www.google.com/search?q=Tibilon+Construction+Ltd&sca_esv=d38753b02e36b910&sxsrf=ANbL-n7NkIfDs7R7WiS-dHv0Y5WPcieGkA%3A1769853702968&ei=BtN9afPpOsSjhbIP17yEsQI&ved=0ahUKEwjzhJTqwrWSAxXEUUEAHVceISYQ4dUDCBE&uact=5&oq=Tibilon+Construction+Ltd&gs_lp=Egxnd3Mtd2l6LXNlcnAiGFRpYmlsb24gQ29uc3RydWN0aW9uIEx0ZDICECYyCBAAGIAEGKIEMggQABiABBiiBDIIEAAYgAQYogQyCBAAGKIEGIkFMgUQABjvBUjAEFD3CFj3CHADeAGQAQCYAfkBoAH5AaoBAzItMbgBA8gBAPgBAvgBAZgCBKACpQLCAgoQABiwAxjWBBhHwgINEAAYgAQYsAMYQxiKBcICExAuGIAEGLADGEMYxwEYigUYrwGYAwCIBgGQBgqSBwUzLjAuMaAHqAOyBwMyLTG4B4UCwgcFMi0xLjPIByCACAA&sclient=gws-wiz-serp#,,Sent,,Tochukwu Nnamoko,,CEO,,Incorrect Number,
Spitze Construction Ltd,Construction,info@spitzeconstruction.com,4.69809E+12,,Sent,Incorrect Email,Arc. Abubakar Iliyasu,,CEO,,Called,call back
Kouris Construction Nig. Ltd.,Construction,info@kourisconstruction.com,,,Sent,,,,,,Incorrect Number,
Acuspare Projects & Engineering Services Limited,Construction,info@acuspare.com,2.34706E+12,,Sent,,,,,,Called,
Glides Contractors Ltd,Construction,mailto: glidescontractors@gmail.com,tel:0806 168 4614,,Sent,,,,,,Called,
ARFO Construction Company Nigeria Ltd,Construction,mailto:info@arfoccn.com,https://www.google.com/search?q=ARFO+Construction+Company+Nigeria+Ltd&oq=ARFO+Construction+Company+Nigeria+Ltd&gs_lcrp=EgZjaHJvbWUqBggAEEUYOzIGCAAQRRg7MgoIARAAGIAEGKIEMgoIAhAAGIAEGKIEMgoIAxAAGIAEGKIEMgoIBBAAGIAEGKIEMgoIBRAAGIAEGKIE0gEHODM4ajBqN6gCALACAA&sourceid=chrome&ie=UTF-8&lqi=CiVBUkZPIENvbnN0cnVjdGlvbiBDb21wYW55IE5pZ2VyaWEgTHRkSOGU1qmVloCACFo5EAAQARACEAQYABgBGAIYAxgEIiVhcmZvIGNvbnN0cnVjdGlvbiBjb21wYW55IG5pZ2VyaWEgbHRkkgEUY29uc3RydWN0aW9uX2NvbXBhbnk#,,Sent,,,,,,Called,
Embee & Partners Nigeria Limited,Construction,,https://www.google.com/search?q=Embee+%26+Partners+Nigeria+Limited&oq=Embee+%26+Partners+Nigeria+Limited&gs_lcrp=EgZjaHJvbWUyBggAEEUYOTIGCAEQRRg80gEIMTAxMWowajSoAgCwAgE&sourceid=chrome&ie=UTF-8&lqi=CiBFbWJlZSAmIFBhcnRuZXJzIE5pZ2VyaWEgTGltaXRlZFoiIiBlbWJlZSAmIHBhcnRuZXJzIG5pZ2VyaWEgbGltaXRlZJIBDmNpdmlsX2VuZ2luZWVy#,,Sent,,,,,,Available to Proceed,
Ecomaxx Engineering Projects Ltd,Construction,,https://www.google.com/search?q=Ecomaxx+Engineering+Projects+Ltd&oq=Ecomaxx+Engineering+Projects+Ltd&gs_lcrp=EgZjaHJvbWUyBggAEEUYOTIICAEQABgWGB4yDQgCEAAYhgMYgAQYigUyDQgDEAAYhgMYgAQYigUyDQgEEAAYhgMYgAQYigUyCggFEAAYgAQYogQyCggGEAAYgAQYogQyCggHEAAYgAQYogQyBwgIEAAY7wUyBwgJEAAY7wXSAQgzNzQ0ajBqN6gCALACAA&sourceid=chrome&ie=UTF-8#,,Not sent,Incorrect Number,,,,,Called,
Mekahog Group Limited,Construction,,"+234 9 290 2686
+234 9 290 6464",,Not sent,Incorrect Number,,,,,Incorrect Number,
Enerco Nigeria Limited,Construction,mailto:info@enerco.net,,,Sent,,,,,,Incorrect Number,
Atlas Petroleum International,Oil and Gas,,"+23408051514455
+234 812 7400801",,Not sent,Incorrect Number,,,,,Called,
NIQ OIL AND GAS LIMITED,Oil and Gas,"mailto:admin@niqong.com
info@niqong.com",tel:+2349033058380,,Sent,Incorrect Number,,,,,Not Available,
Nigerian Gas Company,Oil and Gas,,,,Not sent,,,,,,Incorrect Number,
Gas Aggregator Company Nigeria LTD/GTE,Oil and Gas,,,,Not sent,,,,,,Incorrect Number,
9-Ber oil & Gas limited,Oil and Gas,mailto:beroilltd@gmail.com,https://www.google.com/search?q=ber+oil+%26+gas+limited&oq=Ber+Oil+%26+Gas+limited&gs_lcrp=EgZjaHJvbWUqCggAEAAY4wIYgAQyCggAEAAY4wIYgAQyDQgBEC4YrwEYxwEYgAQyDQgCEAAYhgMYgAQYigUyCggDEAAYgAQYogQyBwgEEAAY7wUyCggFEAAYogQYiQXSAQg4MzczajBqOagCALACAQ&sourceid=chrome&ie=UTF-8#,,Sent,,,,,,Called,call back - meeting  still needs to proceed-proposal whatsapp
Rexbridge Oil & Gas Nigeria Limited,Oil and Gas,,0703 095 6396,,Not sent,Incorrect Email,,,,,Called,
Oceangate Oil and Gas Limited,Oil and Gas,,0909 996 6648,,Not sent,Incorrect Number,,,,,Called,
Oilworld Limited,Oil and Gas,,,,Not sent,,,,,,Incorrect Number,
Agri-Connect Hub,Agriculture,,,,Not sent,,,,,,Incorrect Number,
44 Nigerian Army Reference Hospital Kaduna,Healthcare,,,,Not sent,,,,,,Incorrect Number,
Auto SPA Ltd,Automobile,info@autospa.ng,8096999998,,Sent,,,,,,Called,
9-Beji Automobile Nigeria,Automobile,mailto:bejiautomobilenig@gmail.com ,8061598788,,Sent,,,,,,Called,
Automedics Limited,Automobile,info@automedicsafrica.com,8060895618,,Sent,,,,,,Called,call back - meeting  still needs to proceed
Alh Abdulrazak Abdulrauf Motors Nig. Ltd,Automobile,mailto:maryam.olorire@yahoo.com,8023210741,,Sent,,,,,,,
K-Cool Resources Nigeria Ltd,Automobile,mailto:radiomech88@gmail.com,9026247488,,Sent,,,,,,,
Creative Auto Technologies Ltd,Automobile,mailto:creativeautotechnologies@gmail.com,8035959513,,Sent,,,,,,Called,
Rainance Automobile Ltd,Automobile,mailto:rainance.automobile@yahoo.com,8029108945,,Sent,,,,,,,
CarFix Vehicle Repairs,Automobile,hello@carfix.ng,7018999924,,Sent,,,,,,,
http://mechanics.ng/,Automobile,mailto:help@mechanics.ng,0909 561 7002,,Not sent,Incorrect Email,,,,,Not Available,
Annapolis Auto Centre,Automobile,info@annapolisautocentre.com,8101883300,,Sent,,,,,,Called,
9-Auto Rolling Right Ltd,Automobile,autorollingright@gmail.com,7033643670,,Sent,,,,,,Called,wednesday meeting for 10 m- yes -callbacks 
Car Craft Workshop Ltd,Automobile,mailto:info@carcraftworkshop.com,8130341474,,Not sent,Incorrect Email,,,,,Called,
Saffar Automobile Nigeria Ltd,Automobile,mailto:saffarautomobile@gmail.com,8068960123,,Sent,,,,,,Not Available,
9-Al-Mansur Motors Ltd,Automobile,mailto:manirmb@yahoo.com,8032842700,,Sent,,,,,,Called,said i should call back-monsoor
MNL ASAO Motors Ltd,Automobile,mnlasaomotors@gmail.com,8039207783,,Sent,,,,,,Not Available,
ASD Motors Ltd,Automobile,mailto:saidudalhatu@yahoo.co.uk,8033112056,,Sent,,,,,,Called,line didnt go through
Kaura Motors Ltd,Automobile,info@kauralimited.com,8034040174,,Sent,,,,,,Called,
NGS Auto Clinic Centre Ltd,Automobile,"info@ngsautoclinic.com.ng
infongsautoclinic@gmail.com","07037110944
",,Sent,,,,,,Called,cynthia -friday 11am
Patemax Projects Limited,Construction,mailto: info@patemaxprojects.com,"tel:0806 777 1905
tel:09 290 6881",,Not sent,,,,,,,
Nigerian Content Development and Monitoring Board (NCDMB),MDA,"mailto:tahir.aminu@ncdmb.gov.ng
mailto:toluwalase.abikehin@ncdmb.gov.ng
mailto:brilliant.okon@ncdmb.gov.ng
inemotimi.nyananyo@ncdmb.gov.ng
felix.ogbe@ncdmb.gov.ng",,,Sent,,,,,,Called,
https://www.google.com/search?q=National+Drug+Law+Enforcement+Agency&sca_esv=dc45e1216515a3e4&biw=1536&bih=730&aic=0&sxsrf=ANbL-n5UKWwUJDqSl3D8kxNsQJkQX9gn7Q%3A1770114117670&ei=RcyBaZDIKPe2hbIPhuGVuAI&oq=what+are+the+top+mdas+in+government&gs_lp=Egxnd3Mtd2l6LXNlcnAiI3doYXQgYXJlIHRoZSB0b3AgbWRhcyBpbiBnb3Zlcm5tZW50KgIIADIFECEYoAEyBRAhGKABMgUQIRifBUixhQFQniBYxlZwBngBkAEAmAH6AaABqBuqAQYwLjMuMTO4AQHIAQD4AQGYAhKgArQVwgIKEAAYsAMY1gQYR8ICBhAAGAcYHsICCxAAGIAEGIYDGIoFwgIIEAAYgAQYogTCAgUQABjvBcICBRAAGIAEwgIHEAAYgAQYDZgDAIgGAZAGCJIHBjYuMC4xMqAH4UKyBwQyLTEyuAeZFcIHBjAuMTIuNsgHMIAIAA&sclient=gws-wiz-serp&mstk=AUtExfBoZswrrxrKmSmGtsnHaIsO5trVMEfY4FRjBek2wAV0aMMnYFM3L4CNsuxiynHHjiFX3C5Gjv6HSQuaAaUDUWG5AIBJrfEMPp6bixGCT9uVHv5xglhODq9CPSWr3z2Rg791IEP2lfFUEtxwWvclb_O-zMh3LKtVePc42ARW9V1lr86BBVeDjRpIZyiLPorb_jOfQDD_204M1rpfRDb76z9areUnxY0OLuBcGaLmHXozxw&csui=3&ved=2ahUKEwj-j7_4jb2SAxVZbEEAHUIpD4kQgK4QegQIAxAD,MDA,info@ndleahelpline.com.ng,,,Sent,Incorrect Email,,,,,,
https://www.google.com/search?q=Nigeria+Customs+Service&sca_esv=dc45e1216515a3e4&biw=1536&bih=730&aic=0&sxsrf=ANbL-n5UKWwUJDqSl3D8kxNsQJkQX9gn7Q%3A1770114117670&ei=RcyBaZDIKPe2hbIPhuGVuAI&oq=what+are+the+top+mdas+in+government&gs_lp=Egxnd3Mtd2l6LXNlcnAiI3doYXQgYXJlIHRoZSB0b3AgbWRhcyBpbiBnb3Zlcm5tZW50KgIIADIFECEYoAEyBRAhGKABMgUQIRifBUixhQFQniBYxlZwBngBkAEAmAH6AaABqBuqAQYwLjMuMTO4AQHIAQD4AQGYAhKgArQVwgIKEAAYsAMY1gQYR8ICBhAAGAcYHsICCxAAGIAEGIYDGIoFwgIIEAAYgAQYogTCAgUQABjvBcICBRAAGIAEwgIHEAAYgAQYDZgDAIgGAZAGCJIHBjYuMC4xMqAH4UKyBwQyLTEyuAeZFcIHBjAuMTIuNsgHMIAIAA&sclient=gws-wiz-serp&mstk=AUtExfBoZswrrxrKmSmGtsnHaIsO5trVMEfY4FRjBek2wAV0aMMnYFM3L4CNsuxiynHHjiFX3C5Gjv6HSQuaAaUDUWG5AIBJrfEMPp6bixGCT9uVHv5xglhODq9CPSWr3z2Rg791IEP2lfFUEtxwWvclb_O-zMh3LKtVePc42ARW9V1lr86BBVeDjRpIZyiLPorb_jOfQDD_204M1rpfRDb76z9areUnxY0OLuBcGaLmHXozxw&csui=3&ved=2ahUKEwj-j7_4jb2SAxVZbEEAHUIpD4kQgK4QegQIAxAF (NCS),MDA,"mailto:mmi@customs.gov.ng
mailto:suleiman.idris@customs.gov.ng
mailto:ahmed.labaran@customs.gov.ng
complain@customs.gov.ng
cgc@customs.gov.ng",,,Sent,,,,,,,
https://www.google.com/search?q=Nigerian+Communications+Commission&sca_esv=dc45e1216515a3e4&biw=1536&bih=730&aic=0&sxsrf=ANbL-n5UKWwUJDqSl3D8kxNsQJkQX9gn7Q%3A1770114117670&ei=RcyBaZDIKPe2hbIPhuGVuAI&oq=what+are+the+top+mdas+in+government&gs_lp=Egxnd3Mtd2l6LXNlcnAiI3doYXQgYXJlIHRoZSB0b3AgbWRhcyBpbiBnb3Zlcm5tZW50KgIIADIFECEYoAEyBRAhGKABMgUQIRifBUixhQFQniBYxlZwBngBkAEAmAH6AaABqBuqAQYwLjMuMTO4AQHIAQD4AQGYAhKgArQVwgIKEAAYsAMY1gQYR8ICBhAAGAcYHsICCxAAGIAEGIYDGIoFwgIIEAAYgAQYogTCAgUQABjvBcICBRAAGIAEwgIHEAAYgAQYDZgDAIgGAZAGCJIHBjYuMC4xMqAH4UKyBwQyLTEyuAeZFcIHBjAuMTIuNsgHMIAIAA&sclient=gws-wiz-serp&mstk=AUtExfBoZswrrxrKmSmGtsnHaIsO5trVMEfY4FRjBek2wAV0aMMnYFM3L4CNsuxiynHHjiFX3C5Gjv6HSQuaAaUDUWG5AIBJrfEMPp6bixGCT9uVHv5xglhODq9CPSWr3z2Rg791IEP2lfFUEtxwWvclb_O-zMh3LKtVePc42ARW9V1lr86BBVeDjRpIZyiLPorb_jOfQDD_204M1rpfRDb76z9areUnxY0OLuBcGaLmHXozxw&csui=3&ved=2ahUKEwj-j7_4jb2SAxVZbEEAHUIpD4kQgK4QegQIAxAH,MDA,"jnwachukwu@ncc.gov.ng
ailoka@ncc.gov.ng
mailto:ndominic@ncc.gov.ng
sigbayue@ncc.gov.ng
mailto:sjijji@ncc.gov.ng
aakande@ncc.gov.ng",,,Sent,,,,,,,
https://www.google.com/search?q=Nigerian+Ports+Authority&sca_esv=dc45e1216515a3e4&biw=1536&bih=730&aic=0&sxsrf=ANbL-n5UKWwUJDqSl3D8kxNsQJkQX9gn7Q%3A1770114117670&ei=RcyBaZDIKPe2hbIPhuGVuAI&oq=what+are+the+top+mdas+in+government&gs_lp=Egxnd3Mtd2l6LXNlcnAiI3doYXQgYXJlIHRoZSB0b3AgbWRhcyBpbiBnb3Zlcm5tZW50KgIIADIFECEYoAEyBRAhGKABMgUQIRifBUixhQFQniBYxlZwBngBkAEAmAH6AaABqBuqAQYwLjMuMTO4AQHIAQD4AQGYAhKgArQVwgIKEAAYsAMY1gQYR8ICBhAAGAcYHsICCxAAGIAEGIYDGIoFwgIIEAAYgAQYogTCAgUQABjvBcICBRAAGIAEwgIHEAAYgAQYDZgDAIgGAZAGCJIHBjYuMC4xMqAH4UKyBwQyLTEyuAeZFcIHBjAuMTIuNsgHMIAIAA&sclient=gws-wiz-serp&mstk=AUtExfBoZswrrxrKmSmGtsnHaIsO5trVMEfY4FRjBek2wAV0aMMnYFM3L4CNsuxiynHHjiFX3C5Gjv6HSQuaAaUDUWG5AIBJrfEMPp6bixGCT9uVHv5xglhODq9CPSWr3z2Rg791IEP2lfFUEtxwWvclb_O-zMh3LKtVePc42ARW9V1lr86BBVeDjRpIZyiLPorb_jOfQDD_204M1rpfRDb76z9areUnxY0OLuBcGaLmHXozxw&csui=3&ved=2ahUKEwj-j7_4jb2SAxVZbEEAHUIpD4kQgK4QegQIAxAJ (NPA),MDA,"helpdesk@nigerianports.gov.ng
portscommunication@nigerianports.gov.ng
j.itamah@nigerianports.gov.ng
j.ayuba@nigerianports.gov.ng
info@nigerianports.gov.ng",,,Sent,,,,,,,
https://www.google.com/search?q=National+Information+Technology+Development+Agency&sca_esv=dc45e1216515a3e4&biw=1536&bih=730&aic=0&sxsrf=ANbL-n5UKWwUJDqSl3D8kxNsQJkQX9gn7Q%3A1770114117670&ei=RcyBaZDIKPe2hbIPhuGVuAI&oq=what+are+the+top+mdas+in+government&gs_lp=Egxnd3Mtd2l6LXNlcnAiI3doYXQgYXJlIHRoZSB0b3AgbWRhcyBpbiBnb3Zlcm5tZW50KgIIADIFECEYoAEyBRAhGKABMgUQIRifBUixhQFQniBYxlZwBngBkAEAmAH6AaABqBuqAQYwLjMuMTO4AQHIAQD4AQGYAhKgArQVwgIKEAAYsAMY1gQYR8ICBhAAGAcYHsICCxAAGIAEGIYDGIoFwgIIEAAYgAQYogTCAgUQABjvBcICBRAAGIAEwgIHEAAYgAQYDZgDAIgGAZAGCJIHBjYuMC4xMqAH4UKyBwQyLTEyuAeZFcIHBjAuMTIuNsgHMIAIAA&sclient=gws-wiz-serp&mstk=AUtExfBoZswrrxrKmSmGtsnHaIsO5trVMEfY4FRjBek2wAV0aMMnYFM3L4CNsuxiynHHjiFX3C5Gjv6HSQuaAaUDUWG5AIBJrfEMPp6bixGCT9uVHv5xglhODq9CPSWr3z2Rg791IEP2lfFUEtxwWvclb_O-zMh3LKtVePc42ARW9V1lr86BBVeDjRpIZyiLPorb_jOfQDD_204M1rpfRDb76z9areUnxY0OLuBcGaLmHXozxw&csui=3&ved=2ahUKEwj-j7_4jb2SAxVZbEEAHUIpD4kQgK4QegQIAxAL (NITDA)YES ,MDA,"mailto:in%66%6f%40ni%74da%2e%67o%76.%6eg
",,,Sent,,,,,,,
https://www.google.com/search?q=Nigeria+Immigration+Service&sca_esv=dc45e1216515a3e4&biw=1536&bih=730&aic=0&sxsrf=ANbL-n5UKWwUJDqSl3D8kxNsQJkQX9gn7Q%3A1770114117670&ei=RcyBaZDIKPe2hbIPhuGVuAI&oq=what+are+the+top+mdas+in+government&gs_lp=Egxnd3Mtd2l6LXNlcnAiI3doYXQgYXJlIHRoZSB0b3AgbWRhcyBpbiBnb3Zlcm5tZW50KgIIADIFECEYoAEyBRAhGKABMgUQIRifBUixhQFQniBYxlZwBngBkAEAmAH6AaABqBuqAQYwLjMuMTO4AQHIAQD4AQGYAhKgArQVwgIKEAAYsAMY1gQYR8ICBhAAGAcYHsICCxAAGIAEGIYDGIoFwgIIEAAYgAQYogTCAgUQABjvBcICBRAAGIAEwgIHEAAYgAQYDZgDAIgGAZAGCJIHBjYuMC4xMqAH4UKyBwQyLTEyuAeZFcIHBjAuMTIuNsgHMIAIAA&sclient=gws-wiz-serp&mstk=AUtExfBoZswrrxrKmSmGtsnHaIsO5trVMEfY4FRjBek2wAV0aMMnYFM3L4CNsuxiynHHjiFX3C5Gjv6HSQuaAaUDUWG5AIBJrfEMPp6bixGCT9uVHv5xglhODq9CPSWr3z2Rg791IEP2lfFUEtxwWvclb_O-zMh3LKtVePc42ARW9V1lr86BBVeDjRpIZyiLPorb_jOfQDD_204M1rpfRDb76z9areUnxY0OLuBcGaLmHXozxw&csui=3&ved=2ahUKEwj-j7_4jb2SAxVZbEEAHUIpD4kQgK4QegQIAxAP (NIS),MDA,"stacey@immigration.gov.ng
cgis@immigration.gov.ng
lecard@immigration.gov.ng
info@immigration.gov.ng
migrant_e-reg@immigration.gov.ng",,,Sent,,,,,,,
https://www.google.com/search?q=Corporate+Affairs+Commission&sca_esv=dc45e1216515a3e4&biw=1536&bih=730&aic=0&sxsrf=ANbL-n5UKWwUJDqSl3D8kxNsQJkQX9gn7Q%3A1770114117670&ei=RcyBaZDIKPe2hbIPhuGVuAI&oq=what+are+the+top+mdas+in+government&gs_lp=Egxnd3Mtd2l6LXNlcnAiI3doYXQgYXJlIHRoZSB0b3AgbWRhcyBpbiBnb3Zlcm5tZW50KgIIADIFECEYoAEyBRAhGKABMgUQIRifBUixhQFQniBYxlZwBngBkAEAmAH6AaABqBuqAQYwLjMuMTO4AQHIAQD4AQGYAhKgArQVwgIKEAAYsAMY1gQYR8ICBhAAGAcYHsICCxAAGIAEGIYDGIoFwgIIEAAYgAQYogTCAgUQABjvBcICBRAAGIAEwgIHEAAYgAQYDZgDAIgGAZAGCJIHBjYuMC4xMqAH4UKyBwQyLTEyuAeZFcIHBjAuMTIuNsgHMIAIAA&sclient=gws-wiz-serp&mstk=AUtExfBoZswrrxrKmSmGtsnHaIsO5trVMEfY4FRjBek2wAV0aMMnYFM3L4CNsuxiynHHjiFX3C5Gjv6HSQuaAaUDUWG5AIBJrfEMPp6bixGCT9uVHv5xglhODq9CPSWr3z2Rg791IEP2lfFUEtxwWvclb_O-zMh3LKtVePc42ARW9V1lr86BBVeDjRpIZyiLPorb_jOfQDD_204M1rpfRDb76z9areUnxY0OLuBcGaLmHXozxw&csui=3&ved=2ahUKEwj-j7_4jb2SAxVZbEEAHUIpD4kQgK4QegQIAxAT (CAC),MDA,"hmagaji@cac.gov.ng
omabuyaku@cac.gov.ng
sasuquo@cac.gov.ng
dudaywal@cac.gov.ng
bstephen@cac.gov.ng
hmuhammad@cac.gov.ng",,,Sent,,,,,,,
https://www.google.com/search?q=Ministry+of+Finance&sca_esv=dc45e1216515a3e4&biw=1536&bih=730&aic=0&sxsrf=ANbL-n5UKWwUJDqSl3D8kxNsQJkQX9gn7Q%3A1770114117670&ei=RcyBaZDIKPe2hbIPhuGVuAI&oq=what+are+the+top+mdas+in+government&gs_lp=Egxnd3Mtd2l6LXNlcnAiI3doYXQgYXJlIHRoZSB0b3AgbWRhcyBpbiBnb3Zlcm5tZW50KgIIADIFECEYoAEyBRAhGKABMgUQIRifBUixhQFQniBYxlZwBngBkAEAmAH6AaABqBuqAQYwLjMuMTO4AQHIAQD4AQGYAhKgArQVwgIKEAAYsAMY1gQYR8ICBhAAGAcYHsICCxAAGIAEGIYDGIoFwgIIEAAYgAQYogTCAgUQABjvBcICBRAAGIAEwgIHEAAYgAQYDZgDAIgGAZAGCJIHBjYuMC4xMqAH4UKyBwQyLTEyuAeZFcIHBjAuMTIuNsgHMIAIAA&sclient=gws-wiz-serp&mstk=AUtExfBoZswrrxrKmSmGtsnHaIsO5trVMEfY4FRjBek2wAV0aMMnYFM3L4CNsuxiynHHjiFX3C5Gjv6HSQuaAaUDUWG5AIBJrfEMPp6bixGCT9uVHv5xglhODq9CPSWr3z2Rg791IEP2lfFUEtxwWvclb_O-zMh3LKtVePc42ARW9V1lr86BBVeDjRpIZyiLPorb_jOfQDD_204M1rpfRDb76z9areUnxY0OLuBcGaLmHXozxw&csui=3&ved=2ahUKEwj-j7_4jb2SAxVZbEEAHUIpD4kQgK4QegQIBRAB & https://www.google.com/search?q=Budget+Ministry&sca_esv=dc45e1216515a3e4&biw=1536&bih=730&aic=0&sxsrf=ANbL-n5UKWwUJDqSl3D8kxNsQJkQX9gn7Q%3A1770114117670&ei=RcyBaZDIKPe2hbIPhuGVuAI&oq=what+are+the+top+mdas+in+government&gs_lp=Egxnd3Mtd2l6LXNlcnAiI3doYXQgYXJlIHRoZSB0b3AgbWRhcyBpbiBnb3Zlcm5tZW50KgIIADIFECEYoAEyBRAhGKABMgUQIRifBUixhQFQniBYxlZwBngBkAEAmAH6AaABqBuqAQYwLjMuMTO4AQHIAQD4AQGYAhKgArQVwgIKEAAYsAMY1gQYR8ICBhAAGAcYHsICCxAAGIAEGIYDGIoFwgIIEAAYgAQYogTCAgUQABjvBcICBRAAGIAEwgIHEAAYgAQYDZgDAIgGAZAGCJIHBjYuMC4xMqAH4UKyBwQyLTEyuAeZFcIHBjAuMTIuNsgHMIAIAA&sclient=gws-wiz-serp&mstk=AUtExfBoZswrrxrKmSmGtsnHaIsO5trVMEfY4FRjBek2wAV0aMMnYFM3L4CNsuxiynHHjiFX3C5Gjv6HSQuaAaUDUWG5AIBJrfEMPp6bixGCT9uVHv5xglhODq9CPSWr3z2Rg791IEP2lfFUEtxwWvclb_O-zMh3LKtVePc42ARW9V1lr86BBVeDjRpIZyiLPorb_jOfQDD_204M1rpfRDb76z9areUnxY0OLuBcGaLmHXozxw&csui=3&ved=2ahUKEwj-j7_4jb2SAxVZbEEAHUIpD4kQgK4QegQIBRAC,MDA,"omolara.ogunbiyi@finance.gov.ng
oluchukwu.onyegbosi@finance.gov.ng
mohammed.abubakar@finance.gov.ng
adora.asonye@finance.gov.ng
mrsanaw11@finance.gov.ng",,,Sent,,,,,,,
https://www.google.com/search?q=Federal+Ministry+of+Health+and+Social+Welfare&sca_esv=dc45e1216515a3e4&biw=1536&bih=730&aic=0&sxsrf=ANbL-n5UKWwUJDqSl3D8kxNsQJkQX9gn7Q%3A1770114117670&ei=RcyBaZDIKPe2hbIPhuGVuAI&oq=what+are+the+top+mdas+in+government&gs_lp=Egxnd3Mtd2l6LXNlcnAiI3doYXQgYXJlIHRoZSB0b3AgbWRhcyBpbiBnb3Zlcm5tZW50KgIIADIFECEYoAEyBRAhGKABMgUQIRifBUixhQFQniBYxlZwBngBkAEAmAH6AaABqBuqAQYwLjMuMTO4AQHIAQD4AQGYAhKgArQVwgIKEAAYsAMY1gQYR8ICBhAAGAcYHsICCxAAGIAEGIYDGIoFwgIIEAAYgAQYogTCAgUQABjvBcICBRAAGIAEwgIHEAAYgAQYDZgDAIgGAZAGCJIHBjYuMC4xMqAH4UKyBwQyLTEyuAeZFcIHBjAuMTIuNsgHMIAIAA&sclient=gws-wiz-serp&mstk=AUtExfBoZswrrxrKmSmGtsnHaIsO5trVMEfY4FRjBek2wAV0aMMnYFM3L4CNsuxiynHHjiFX3C5Gjv6HSQuaAaUDUWG5AIBJrfEMPp6bixGCT9uVHv5xglhODq9CPSWr3z2Rg791IEP2lfFUEtxwWvclb_O-zMh3LKtVePc42ARW9V1lr86BBVeDjRpIZyiLPorb_jOfQDD_204M1rpfRDb76z9areUnxY0OLuBcGaLmHXozxw&csui=3&ved=2ahUKEwj-j7_4jb2SAxVZbEEAHUIpD4kQgK4QegQIBRAI,MDA,"hfr@health.gov.ng
alaba.balogun@health.gov.ng
info@health.gov.ng
",,,Sent,,,,,,,
Federal Capital Territory Administration,MDA,contactfcta@fcta.gov.ng,,,Sent,,,,,,,
Federal Ministry of Justice,MDA,"musa.kadiri@justice.gov.ng
cau@justice.gov.ng
terlumun.tyendezwa@justice.gov.ng
",,,Sent,,,,,,,
"Federal Ministry of Lands, Housing and Urban Development",MDA,"dpo@fmhud.gov.ng
psregistry@fmhud.gov.ng
info@fmhud.gov.ng",,,Sent,,,,,,,
Federal Road Safety Corps,MDA,"eyong@frsc.gov.ng
ismai@frsc.gov.ng
george-okolo@frsc.gov.ng
ayuba@frsc.gov.ng
",,,Sent,,,,,,,
Federal Ministry of Tourism,MDA,info@fmacce.gov.ng,,,Sent,,,,,,,
Federal Ministry of Youth Development,MDA,"cynthia.obi@fmyd.gov.ng
yohanna.tausa@fmyd.gov.ng
ernest.ezebilo@fmyd.gov.ng
amos.shofuyi@fmyd.gov.ng
dominic.monshum@fmyd.gov.ng",,,Sent,,,,,,,
Independent National Electoral Commission,MDA,mailto:iccc@inec.gov.ng,,,Sent,,,,,,,
National Pension Commission,MDA,"imohammed@pencom.gov.ng
kumar@pencom.gov.ng
aahmed@pencom.gov.ng
iogbonna@pencom.gov.ng
dishaku@pencom.gov.ng",,,Sent,,,,,,,
NAPTIP,MDA,"angela@naptip.gov.ng
olubiyi@naptip.gov.ng
samuel@naptip.gov.ng
ogoadinde@naptip.gov.ng
kakomolafe@naptip.gov.ng",,,Sent,,,,,,,
National Orientation Agency,MDA,admin@noa.gov.ng,,,Sent,,,,,,,
National Youth Service Corps,MDA,"awololaolukemi@nysc.gov.ng
imo@nysc.gov.ng
borno@nysc.gov.ng
",,,Sent,,,,,,,
Nigerian electricity Regulation Commission,MDA,"michael.faloseyi@nerc.gov.ng
imamuddeen.talba@nerc.gov.ng
mohammed.bello@nerc.gov.ng
abdu.mohammed@nerc.gov.ng
godwin.nelson@nerc.gov.ng",,,Sent,,,,,,,
Nigeria Institute of Transport technology (NITT),MDA,"abuja@nitt.gov.ng
editor_njtte@nitt.gov.ng
lagos@nitt.gov.ng
ekiti@nitt.gov.ng",,,Sent,,,,,,,
Office of the Accountant General of the Federation,MDA,info@oagf.gov.ng,,,Sent,,,,,,,
"Federal Ministry of Industry, Trade and Investment",MDA,"ahmed.mamuda@fmiti.gov.ng
salim.muktar@fmiti.gov.ng
constance.ikokwu@fmiti.gov.ng
shola.fagbile@fmiti.gov.ng
okey.enelamah@fmiti.gov.ng",,,Sent,,,,,,,
Federal Airport Authority of Nigeria,MDA,"christina.apagu@faan.gov.ng
babatunde.rukayat@faan.gov.ng
henry.omeogu@faan.gov.ng
ahmed.olalekan@faan.gov.ng
ololade.adebayo@faan.gov.ng",,,Sent,,,,,,,
Nigeria Security and Civil Defence Corps,MDA,"olanrewajua@nscdc.gov.ng
gibsone@nscdc.gov.ng
okunjis@nscdc.gov.ng
gibsone@nscdc.gov.ng
amakirih@nscdc.gov.ng",,,Sent,,,,,,,
National Population Commission,MDA,"nasir@nationalpopulation.gov.ng
najib@nationalpopulation.gov.ng
shedrach@nationalpopulation.gov.ng
duru@nationalpopulation.gov.ng
davies@nationalpopulation.gov.ng",,,Sent,,,,,,,
Central bank of Nigeria,MDA,"aihaza@cbn.gov.ng
aadesemoye@cbn.gov.ng
olugbengaadebayo@cbn.gov.ng
rmonguno@cbn.gov.ng
geze@cbn.gov.ng",,,Sent,,,,,,,
Legal Aid Council,MDA,info@legalaidcouncil.gov.ng,,,Sent,,,,,,,
Joint Admission and Matriculation Board,MDA,"abdulsalammuhammad@jamb.gov.ng
daudaadesina@jamb.gov.ng
njirekayamusa@jamb.gov.ng
abdul.oyedokun@jamb.gov.ng
callistusodera@jamb.gov.ng",,,Sent,,,,,,,
Nigeria Airspace Management Agency,MDA,"agbem@nama.gov.ng
uakangson@nama.gov.ng
jolawode@nama.gov.ng
",,,Sent,,,,,,,
National Human Right Commission,MDA,info@nigeriarights.gov.ng,,,Sent,,,,,,,
National Boundary Commission,MDA,info@nigeriarights.gov.ng,,,Sent,,,,,,,
 Ministry of Transportation,MDA,info@transportation.gov.ng,,,Sent,,,,,,,
Ministry of Foreign Affairs,MDA,"nhcc.admin@foreignaffairs.gov.ng
nigeria.mission@foreignaffairs.gov.ng
info@foreignaffairs.gov.ng",,,Sent,,,,,,,
National Bureau of Statistics,MDA,"oakigbogun@nigerianstat.gov.ng
ooladimeji@nigerianstat.gov.ng
obabalola@nigerianstat.gov.ng
fabdulmalik@nigerianstat.gov.ng
oaimola@nigerianstat.gov.ng
aadedeji@nigerianstat.gov.ng",,,Sent,,,,,,,
FERMA,MDA,info@ferma.gov.ng,,,Sent,,,,,,,
Economics and Financial Crimes Commission,MDA,"monimoe@efcc.gov.ng
dia@efcc.gov.ng
",,,Sent,,,,,,,
Nigeria Deposit Insurance Corporation,MDA,"auwala@ndic.gov.ng
ebeta@ndic.gov.ng
aminuy@ndic.gov.ng",,,Sent,,,,,,,
FEDERAL MINISTRY OF DEFENCE.,MDA,contact@defence.gov.ng,,,Sent,,,,,,,
FEDERAL INLAND REVENUE SERVICES,MDA,"kajesomo.kehinde@firs.gov.ng
kola.okunola@firs.gov.ng
muhammad.nami@firs.gov.ng
mark.dike@firs.gov.ng
buhari.mohammed@firs.gov.ng",,,Sent,,,,,,,
Brains & Hammers Limited,Real Estate,,,,Not sent,,,,,,,
Ambuild Homes,Real Estate,,,,Not sent,,,,,,,
Valabi Shelters Limited,Real Estate,,,,Not sent,,,,,,,
Bespoke Urban Luxury Limited,Real Estate,,,,Not sent,,,,,,,
Next Gear Group,Real Estate,,,,Not sent,,,,,,,
Everview Properties Limited,Real Estate,,,,Not sent,,,,,,,
White Avenue Real Estate,Real Estate,,,,Not sent,,,,,,,
Royal Niger Properties Limited,Real Estate,,,,Not sent,,,,,,,
Avila Consort Ltd,Real Estate,,,,Not sent,,,,,,,
Technique Urban Ltd,Real Estate,,,,Not sent,,,,,,,
Bamo Property Nigeria Limited,Real Estate,,,,Not sent,,,,,,,
Salis Ventilated Homes Ltd,Real Estate,,,,Not sent,,,,,,,
Clobek Crown Nigeria Estates,Real Estate,,,,Not sent,,,,,,,
Bauhaus International Limited,Real Estate,,,,Not sent,,,,,,,
Sunshine Estate Development Limited,Real Estate,,,,Not sent,,,,,,,
Chuks Realtors Limited,Real Estate,,,,Not sent,,,,,,,
ATM Luxury Properties,Real Estate,,,,Not sent,,,,,,,
Citiacle Realtors,Real Estate,,,,Not sent,,,,,,,
Deep-springs Facilities,Real Estate,,,,Not sent,,,,,,,
Integax Jubilation Homes,Real Estate,,,,Not sent,,,,,,,
Naim Properties Limited,Real Estate,,,,Not sent,,,,,,,
Villa Afrika Re,Real Estate,,,,Not sent,,,,,,,
Arinze Onuegbu and Co,Real Estate,,,,Not sent,,,,,,,
Boing Luxury Estates,Real Estate,,,,Not sent,,,,,,,
Mcdenum Empire,Real Estate,,,,Not sent,,,,,,,
Kellos Nigeria Company,Real Estate,,,,Not sent,,,,,,,
Ipent Estates,Real Estate,,,,Not sent,,,,,,,
Hazam Property,Real Estate,,,,Not sent,,,,,,,
Waterfalls Realty,Real Estate,,,,Not sent,,,,,,,
Proponent Properties Ltd,Real Estate,,,,Not sent,,,,,,,
Le’Ve­nue Group,Real Estate,,,,Not sent,,,,,,,
Jide Taiwo & Co.,Real Estate,,,,Not sent,,,,,,,
Hugedream Properties,Real Estate,,,,Not sent,,,,,,,
Landpreneurs Limited,Real Estate,,,,Not sent,,,,,,,
Aravody Limited,Real Estate,,,,Not sent,,,,,,,
Neostruct Bliss Home,Real Estate,,,,Not sent,,,,,,,
Kaliodoscope Real Property,Real Estate,,,,Not sent,,,,,,,
Armstrong Shelter Limited,Real Estate,,,,Not sent,,,,,,,
Skybound Properties Ltd,Real Estate,,,,Not sent,,,,,,,
Kashco Apartments Wuse 2,Apartment,reservations@kashcoservices.com,0803 311 5362,,Not sent,,,,,,,
Gidanka Apartments,Apartment,info@gidanka.com,0901 033 1551,,Not sent,,,,,,,
Fraser Suites Abuja,Apartment,reservations.abuja@frasershospitality.com,0813 988 8888,,Not sent,,,,,,,
Nordic Hotel Abuja,Apartment,info@nordichotelabuja.com,0809 994 4480,,Not sent,,,,,,,
Tranquila Nest,Apartment,info@tranquilanest.com,0706 727 6029,,Not sent,,,,,,,
Swizz Homes Ltd,Apartment,swizzhomesltd.emma@yahoo.com,0703 659 7510,,Not sent,,,,,,,
mmmHouse Aparthotel,Apartment,,0906 000 9273,,Not sent,,,,,,,
Whytescape Serviced Apartments,Apartment,,0816 784 2265,,Not sent,,,,,,,
Grosvenor Suites (Gwarinpa),Apartment,admin@gwarimpa.ng,0812 436 6836,,Not sent,,,,,,,
Centurion Apartments,Apartment,,0816 241 7819,,Not sent,,,,,,,
Peach Hive Ltd,Apartment,peachhiveinfo@gmail.com,0806 907 0521,,Not sent,,,,,,,
Tupon Luxury Homes,Apartment,,0703 193 7484,,Not sent,,,,,,,
Bluehedge Realtors,Apartment,info@bluehedgerealtors.com,0803 206 5685,,Not sent,,,,,,,
Stobart Homes,Apartment,,0818 200 1122,,Not sent,,,,,,,
LoftyXphere Apartments,Apartment,,0906 202 4888,,Not sent,,,,,,,
Red Diamond Properties,Apartment,,0817 776 6110,,Not sent,,,,,,,
Northbridge Realtor,Apartment,,0803 924 7636,,Not sent,,,,,,,
Synergy Real Property,Apartment,,0806 273 0996,,Not sent,,,,,,,
Wallmeta Realty Limited,Apartment,,0813 519 6041,,Not sent,,,,,,,
Ummami Apartments,Apartment,,0814 603 8116,,Not sent,,,,,,,
Tae Shortlets,Apartment,,0911 011 1100,,Not sent,,,,,,,
Qlets Privé Apartments,Apartment,,0704 755 5000,,Not sent,,,,,,,
Cosmetro Homes,Apartment,,0905 401 2470,,Not sent,,,,,,,
Phoenix Luxury Apartments,Apartment,info@phoenixapartmentsabuja.com,,,Not sent,,,,,,,
Metrostay Serviced Apartment,Apartment,mailto:Metrostayapartments@gmail.com,,,Not sent,,,,,,,
Swizz Homes Ltd,Apartment, mailto:swizzhomesltd.emma@yahoo.com,,,Not sent,,,,,,,
Extacode Apartments,Apartment,mailto:extacodeapartments@gmail.com mailto:yourextacode@gmail.com,,,Not sent,,,,,,,
Seasons Apartment Kado,Apartment,hello@theseasonsapartment.com,,,Not sent,,,,,,,
Cedarwood Apartments,Apartment,mailto:reservations@cedarwoodapartments.com.ng,,,Not sent,,,,,,,
Nicotel Apartments,Apartment,info@nicotelapartments.com,,,Not sent,,,,,,,
Brentford Apartments,Apartment,"mailto:info@brentbrooksltd.com mailto:info@brenthousing.com mailto:info@brenthousing.com, mailto:info@brentbrooksltd.com mailto:info@brentbrooksltd.com mailto:admin@brentbrooksltd.com ",,,Not sent,,,,,,,
EIO Shortlets,Apartment,eioshortlets@gmail.com,,,Not sent,,,,,,,
Casa Carina Apartments,Apartment,https://www.google.com/search?q=sales%40casaapartmentsandsuites.com&biw=1920&bih=993&sca_esv=2b85a2c740a01bf3&sxsrf=ANbL-n7GTyu5RYhzh51RNyvR0IGJuh5x5w%3A1771254019358&ei=AzGTaZ3CFby7hbIPvpfJuQE&ved=2ahUKEwi31vq2o96SAxVCWkEAHYyOGb4QgK4QegQIARAC&uact=5&oq=casa+apartments+abuja+email&gs_lp=Egxnd3Mtd2l6LXNlcnAiG2Nhc2EgYXBhcnRtZW50cyBhYnVqYSBlbWFpbDILEAAYsAMYogQYiQUyCBAAGLADGO8FMggQABiwAxjvBTIIEAAYsAMY7wVIuBFQrgxYrgxwAXgAkAEAmAHJAaAByQGqAQMyLTG4AQPIAQD4AQGYAgKgAtABmAMA4gMFEgExIECIBgGQBgSSBwUxLjAuMaAHmwKyBwMyLTG4B8sBwgcFMC4xLjHIBwSACAA&sclient=gws-wiz-serp https://www.google.com/search?q=casaapartmentslagos%40gmail.com&biw=1920&bih=993&sca_esv=2b85a2c740a01bf3&sxsrf=ANbL-n7GTyu5RYhzh51RNyvR0IGJuh5x5w%3A1771254019358&ei=AzGTaZ3CFby7hbIPvpfJuQE&ved=2ahUKEwi31vq2o96SAxVCWkEAHYyOGb4QgK4QegQIARAD&uact=5&oq=casa+apartments+abuja+email&gs_lp=Egxnd3Mtd2l6LXNlcnAiG2Nhc2EgYXBhcnRtZW50cyBhYnVqYSBlbWFpbDILEAAYsAMYogQYiQUyCBAAGLADGO8FMggQABiwAxjvBTIIEAAYsAMY7wVIuBFQrgxYrgxwAXgAkAEAmAHJAaAByQGqAQMyLTG4AQPIAQD4AQGYAgKgAtABmAMA4gMFEgExIECIBgGQBgSSBwUxLjAuMaAHmwKyBwMyLTG4B8sBwgcFMC4xLjHIBwSACAA&sclient=gws-wiz-serp,,,Not sent,,,,,,,
Trinity Shortlet Apartments,Apartment,https://trinityshortletapartments.com.ng/contact_us#,,,Not sent,,,,,,,
YANNA Apartment by Khaliques,Apartment,mailto:info@yannaapartments.com,,,Not sent,,,,,,,
Royale Crown Villa,Apartment,https://www.google.com/search?q=royalecrownvilla%40gmail.com&biw=1920&bih=993&sca_esv=2b85a2c740a01bf3&sxsrf=ANbL-n5YTPmd86u2OK8tda2ih40O_yzsEw%3A1771257690757&ei=Wj-TadjvLYmfkdUPg8a6mAE&oq=royale+crown+villa+abuja+email+add&gs_lp=Egxnd3Mtd2l6LXNlcnAiInJveWFsZSBjcm93biB2aWxsYSBhYnVqYSBlbWFpbCBhZGQqAggAMgcQIRigARgKMgcQIRigARgKSMwoUNACWJYccAB4AJABAJgBkgKgAcETqgEEMi0xMbgBAcgBAPgBAZgCC6AC8hPCAg4QLhiABBiwAxjHARivAcICBxAAGLADGB7CAg4QABiABBiwAxiGAxiKBcICCBAAGLADGO8FwgILEAAYsAMYogQYiQXCAgYQABgWGB7CAgIQJsICCxAAGIAEGIYDGIoFwgIFEAAY7wXCAggQABiiBBiJBcICBRAhGKABmAMAiAYBkAYGkgcEMi0xMaAHtyeyBwQyLTExuAfyE8IHBTAuOC4zyAcZgAgA&sclient=gws-wiz-serp&mstk=AUtExfAx7Vdz3513nP5oQ9--uZKMFQkSDP1lmNLYciSMmsT5n6ABafX4QCc7t6DLC71BHCOOvT_Xap1sqNsInYF0loo-ahGe2dllyj0xKovS7q4aD3mLF0D1OQmwB9PEOpp6R0KDZHYUO3PApksbjjh9VvbEhDJH-D4qWByNm7a8AM93cWJ_2rTJXMBk0JWnL44N6S7s&csui=3&ved=2ahUKEwiugrePsd6SAxWXOfsDHRZwEYAQgK4QegQIAhAE,,,Not sent,,,,,,,
Deep-Springs Facilities,Apartment,mailto:deep_springsfacilities@yahoo.com,,,Not sent,,,,,,,
Sigmabase apartments,Apartment,info@sigmabasevi.com,,,Not sent,,,,,,,
Peniel Apartments,Apartment,mailto:frontoffice@penielapartments.com   reservation@penielapartments.com,,,Not sent,,,,,,,
Shortlets Abuja NG (Wuse),Apartment,shortletsng.wuse@gmail.com,,,Not sent,,,,,,,
Didihomes (Jahi),Apartment,didhomesltd@gmail.com,0810 269 3376,,Not sent,,,,,,,
Capital Homes (Utako),Apartment,mailto:capitalhomesandapartment@gmail.com,,,Not sent,,,,,,,
Northbridge Realtor (Jahi),Apartment,mailto:northbridgerealtors@gmail.com,,,Not sent,,,,,,,
Synergy Real Property (Jahi),Apartment,mailto:synergyrealproperty@yahoo.com,,,Not sent,,,,,,,
Wallmeta Realty (Mabushi),Apartment,https://www.google.com/search?q=hello%40wallmetarealty.com&biw=1536&bih=730&sca_esv=37a1d56e91fd2a24&sxsrf=ANbL-n7BVSdkDtwXJZ7VeuIcm3N9WrM58w%3A1771331619385&ei=I2CUaeySF7mA9u8P0pap2Qw&ved=2ahUKEwjKiYTexOCSAxUH87sIHUReIiwQgK4QegQIAhAB&oq=what+is+Wallmeta+Realty+%28Mabushi%29+email+address&gs_lp=Egxnd3Mtd2l6LXNlcnAiL3doYXQgaXMgV2FsbG1ldGEgUmVhbHR5IChNYWJ1c2hpKSBlbWFpbCBhZGRyZXNzMgUQABjvBTIFEAAY7wUyCBAAGIAEGKIEMgUQABjvBTIFEAAY7wVIqz5QAFjwF3AAeACQAQCYAcMCoAHREqoBBzAuMy4yLjS4AQzIAQD4AQH4AQKYAgegAowOwgIGEAAYBxgewgIFEAAYgASYAwCSBwcwLjEuMy4zoAedObIHBzAuMS4zLjO4B4wOwgcHMC4xLjUuMcgHH4AIAA&sclient=gws-wiz-serp&mstk=AUtExfD3cKsDqUSH7PhWrOVWbtaFECel1mdWAbLBp1rnMYVePXIDAkIABf5zTvFKzAAkCB9psgjdt_bgadZwnd4Jj13BVlJXGWxAwYa1eWpG_uqPS8bU36GiN5RCmcSv12EkOJl28b1G79HmGZLc7eUL37ogqgmIOx90u0WWyjBFnGlWM_WTBldfpNkGA4FdvrZdoTtbDAZF3YlwJ-ZsVrs1fFEClD2LiMehBOXBPNL5SBjYJMVCo8RgscMvlJv35Zh0xtM&csui=3,,,Not sent,,,,,,,
Abuja Technology Village (ATV),Apartment,info@atv.com.ng,0813 235 0955,,Not sent,,,,,,,
AES Luxury Apartments (SAE),Apartment,reservations@aesluxury.com,0811 292 9361,,Not sent,,,,,,,
Amon Heights Limited,Apartment,olawale.akinmeji@yahoo.com,0813 786 8434,,Not sent,,,,,,,
ApartmentBay (Apartay),Apartment,support@apartay.com,0816 784 2265,,Not sent,,,,,,,
Bluehedge Realtors,Apartment,info@bluehedgerealtors.com,0803 206 5685,,Not sent,,,,,,,
Byamy Homes Limited,Apartment,byamyhomes@gmail.com,0911 011 1100,,Not sent,,,,,,,
Diplomat Suites (Continental),Apartment,info@abujacontinental.com,0209 461 2000,,Not sent,,,,,,,
Eclat Hospitality,Apartment,connect@eclathospitality.com,0708 888 8249,,Not sent,,,,,,,
Efab Properties Limited,Apartment,efabproperties@gmail.com,0802 356 6153,,Not sent,,,,,,,
Elite Shortlets FCT,Apartment,support@shortrest.com.ng,0908 222 2244,,Not sent,,,,,,,
Fairview Realty Group,Apartment,info@fairviewrealtygroup.com,0806 710 9582,,Not sent,,,,,,,
Jabi Lake Mall (Management),Apartment,info@jabilakemallng.com,0816 550 1930,,Not sent,,,,,,,
Jide Taiwo & Co (Abuja),Apartment,abuja@jidetaiwoandco.com,0705 209 0270,,Not sent,,,,,,,
Kings Park Estate (Nazzy),Apartment,hello@kingsnazzy.com.ng,0803 322 2151,,Not sent,,,,,,,
Lakewood Luxury Apartments,Apartment,reservations@hotels.ng,0806 339 9999,,Not sent,,,,,,,
Mshel Homes Limited,Apartment,info@mshelhomes.com,0912 850 0500,,Not sent,,,,,,,
Nests and Nails Nigeria Ltd,Apartment,nestsandnailsoffice@gmail.com,0906 202 4888,,Not sent,,,,,,,
Novia Luxury Homes,Apartment,,0818 200 1122,,Not sent,,,,,,,
Propertyvesto Ltd,Apartment,,0813 682 4080,,Not sent,,,,,,,
Skyview Apartments Katampe,Apartment,booking@skyapartmentabuja.com,0703 237 3366,,Not sent,,,,,,,
StayAbuja Shortlets,Apartment,stay@stayabuja.com,0818 200 1122,,Not sent,,,,,,,
The Cove Apartments,Apartment,info@thecoveapartments.ng,0906 202 4888,,Not sent,,,,,,,
Tupon Luxury Homes,Apartment,,0817 776 6110,,Not sent,,,,,,,
Turtledove Investments,Apartment,turtledoveinvestments@gmail.com,0803 924 7636,,Not sent,,,,,,,
Westcrib (Lake Chad Maitama),Apartment,info@westcrib.com,0803 123 4567,,Not sent,,,,,,,
Work & Stay Abuja,Apartment,reservations@workandstay.ng,0906 000 0085,,Not sent,,,,,,,
Abuja Continental Hotel,Apartment,info@abujacontinental.com,0209 461 2000,,Not sent,,,,,,,
Amon Heights Limited,Apartment,olawale.akinmeji@yahoo.com,0904 083 7557,,Not sent,,,,,,,
Arinze Onovo Consulting,Apartment,onovoarinze2@gmail.com,0806 364 7009,,Not sent,,,,,,,
Belanova Apartments & Suites,Apartment,,0803 241 1205,,Not sent,,,,,,,
Best Premier Maitama Residence,Apartment,reservations.maitamaresidence@bestpremierhotel.com,0703 457 0569,,Not sent,,,,,,,
Bolton White Hotel & Apartments,Apartment,info@boltonwhitehotel.com,0903 885 2466,,Not sent,,,,,,,
BON Hotel Elvis Abuja,Apartment,,0702 674 1111,,Not sent,,,,,,,
Cocoon Luxury Suites,Apartment,info@cocoonabuja.com,0913 489 6045,,Not sent,,,,,,,
Comfy Habitat Ltd,Apartment,comfyhabitatltd@gmail.com,0806 569 7600,,Not sent,,,,,,,
Crystal Beds Nigeria,Apartment,reservations@crystalbeds.com.ng,0905 555 1137,,Not sent,,,,,,,
Didihomes,Apartment,,0810 269 3376,,Not sent,,,,,,,
Divineglo Properties Ltd,Apartment,,0708 108 0769,,Not sent,,,,,,,
Eclat HR & Hospitality,Apartment,jobs@eclathrconsulting.com.ng,0708 888 8249,,Not sent,,,,,,,
Elele Kings & Co Limited,Apartment,,0905 752 9047,,Not sent,,,,,,,
Havista Hotels Limited,Apartment,havisthotels@gmail.com,0803 450 6445,,Not sent,,,,,,,
Hotels.ng (Corporate Office),Apartment,reservations@hotels.ng,0700 880 8800,,Not sent,,,,,,,
Jide Taiwo & Co,Apartment,abuja@jidetaiwoandco.com,0705 209 0270,,Not sent,,,,,,,
Nordic Villa Abuja,Apartment,hello@nordichospitalitygroup.com,0703 682 9922,,Not sent,,,,,,,
Omozo Residences,Apartment,info@thecoveapartments.ng,0906 202 4888,,Not sent,,,,,,,
Private Property Nigeria,Apartment,info@privateproperty.com.ng,0809 999 6115,,Not sent,,,,,,,
Propertyvesto Ltd,Apartment,vestates@vestates.com,0913 830 0916,,Not sent,,,,,,,
Shortlets Abuja NG,Apartment,info@shortletng.com,0902 388 5582,,Not sent,,,,,,,
The Envoy Hotel Abuja,Apartment,hotel@theenvoyabuja.com,0803 901 3000,,Not sent,,,,,,,
Villa Afrika Realty,Apartment,info@villaafrika.com,0708 355 5881,,Not sent,,,,,,,
Westcrib Realtor,Apartment,info@westcrib.com,0803 123 4567,,Not sent,,,,,,,
Four Palms Residence,Apartment,info@fourpalmsresidence.com,,,Not sent,,,,,,,
https://www.tripadvisor.com/Hotel_Review-g293825-d8832831-Reviews-Sheer_Luxury_Apartments_and_Suites-Abuja_Federal_Capital_Territory.html,Apartment,mailto:reservation@sheerluxuryabuja.com,,,Not sent,,,,,,,
Nest Spa & Suites,Apartment,https://www.google.com/search?sca_esv=0ccad900ef2a9a41&sxsrf=ANbL-n6CD91U-aqTnX_n7WEc7LkPtPDWyg%3A1771411955257&q=nestsuitesabuja%40gmail.com&source=lnms&fbs=ADc_l-aN0CWEZBOHjofHoaMMDiKpaEWjvZ2Py1XXV8d8KvlI3oS--rGJkYYVqoCX1ykAQd2xzM91V5ftMSB0gjTOBA-_roobkowlNf1tdv6rSx4oSc20MpQavFN9l2layRjjW2CrQiaj_2Kq8HQIsA-Pl3bpk8Ze8OJo_10S79mIoYG52MLpUCXQNH5ZcSsXLcAjRGrg7Rbxhdlpxg-fDCVBbTnWqmeJRg&sa=X&ved=2ahUKEwie1_bk7-KSAxWbUEEAHcy8MisQgK4QegQIARAC&biw=1536&bih=730&dpr=1.25&mstk=AUtExfB91i-FT473PGfuOdSpv15mfbDXsoMGHE4g8qYM7EzOuitI5KaDKFil_0djw7YQdU42hNhDlerU7B9ko0b4YJ94wpGmUBm6-msx3ZdzaJr03idYm5M_fDq75ycOzKpS_exl2DAQMocEmDgX0mLFxRyoNM4tkqm5CvVqnwQiVlPDleXHt-h-HmL46z1T30MKWGGW4SkoIwrEZoBE5ROdLc0hPYJ5cth9WWisIKi0ANsWuazir0fLCQ9XplmDK8KW6B4qFZmWUZrJ5kEfYfOuViM8&csui=3,,,Not sent,,,,,,,
https://www.tripadvisor.com/Hotel_Review-g293825-d12684780-Reviews-Valley_Hill_Residence-Abuja_Federal_Capital_Territory.html,Apartment,"valleyhillresidence@gmail.com

",,,Not sent,,,,,,,
Auxano service apartment,Apartment,https://www.google.com/search?q=auxanorecruitments%40gmail.com&biw=1536&bih=730&sca_esv=0ccad900ef2a9a41&sxsrf=ANbL-n7CiLpfX_ilFALh5T6ve4SXAPUSVw%3A1771412873785&ei=iZ2VaZrPL5SDhbIP7Pr-0AE&oq=auxano+service+apartment+e&gs_lp=Egxnd3Mtd2l6LXNlcnAiGmF1eGFubyBzZXJ2aWNlIGFwYXJ0bWVudCBlKgIIADIFECEYoAEyBRAhGKABMgUQIRigATIFECEYnwUyBRAhGJ8FMgUQIRifBTIFECEYnwVIiR1QmQhYpw1wAXgAkAEAmAGIAqABjQSqAQMyLTK4AQHIAQD4AQGYAgOgApwEwgIREC4YgAQYsAMYxwEYmAUYrwHCAgcQABiwAxgewgIOEAAYgAQYsAMYhgMYigXCAggQABiwAxjvBcICCxAAGIAEGLADGKIEwgIJEAAYFhjJAxgewgIGEAAYFhgewgICECbCAgsQABiABBiGAxiKBcICBRAAGO8FwgIIEAAYgAQYogSYAwCIBgGQBgmSBwUxLjAuMqAH6w2yBwMyLTK4B5gEwgcFMC4yLjHIBwiACAA&sclient=gws-wiz-serp&mstk=AUtExfBN5PsGa4ZVO4HlP7wlhMW7KIJVC2Nx1-EsfX3X-2n0y6YmDD510wesK5UnPMtXy1J_DGWvb-FzLxblqZPad4oxr3qCA8xInvNrPuhkelpFXczSIJPk5i4l9Psl77jjyh5ZbSXBf8ld2im_QaOiYKcKiATna9ewcCghU1wiVth3J0YncRLm43T1wwvE93u9CiMCXJ6jCH1-pMWszUCN5gtTmKXTvSz8zdRzJlg-g00MHJgTukllNUQXgeQfPCbxMmoSJJY1ikkYZRRsOINbjwmA&csui=3&ved=2ahUKEwiNvq2e8-KSAxXdW0EAHehzFkUQgK4QegQIAhAC,,,Not sent,,,,,,,
Imperio apartments ,Apartment,,,,Not sent,,,,,,,
MUFTYZ SHORTLET LTD,Apartment,ekwejudithc93@gmail.com,,,Not sent,,,,,,,
BATOHA STAY APARTMENTS,Apartment,,,,Not sent,,,,,,,
Tranquila Hotels and Suites,Apartment,info@tranquilahotelsandsuites.com,,,Not sent,,,,,,,
pearl gate hotel ,Apartment,,,,Not sent,,,,,,,
Cozy Cove Residence,Apartment,,https://www.google.com/search?q=service+apartment+in+abuja&sca_esv=bf84d0236feb05f8&udm=1&sxsrf=ANbL-n5KoJ9j2i--e-4swAN4BS8EDTTE9Q:1771425483449&ei=y86VaZ7_GpHuhbIPkL6usQI&start=80&sa=N&sstk=Af77f_e89gpnOSIFyw8TFzbXZZOfxaPARI-vGwO2o-u0VQg0U69yGwlFNxqURgYk2D74E7TeRk2uyFY4h1QIgba_EfRKOx-U_2K_Ez2zdOlGTef9PtD6-nQRet1DjOAlsbaN0Z7cEO0ByvlkzLmNXbE-PF_mCBskl033IBqUMVH1kVY_uAL1YKucORzzJfvm6w&ved=2ahUKEwjekL-VouOSAxURd0EAHRCfKyY4PBDw0wN6BAgLEA8&biw=1536&bih=730&dpr=1.25&lqi=ChpzZXJ2aWNlIGFwYXJ0bWVudCBpbiBhYnVqYUi3h7bh0bKAgAhaIhAAEAEYAyIac2VydmljZSBhcGFydG1lbnQgaW4gYWJ1amGSARJzZXJ2aWNlZF9hcGFydG1lbnSaASNDaFpEU1VoTk1HOW5TMFZKUTBGblRVTlJNM0V6TkZwM0VBRfoBBAgtEDg#,,Not sent,,,,,,,
Cozy Leisure Apartments,Apartment, info@cozyleisureltd.com,https://www.google.com/search?q=service+apartment+in+abuja&sca_esv=bf84d0236feb05f8&udm=1&sxsrf=ANbL-n5KoJ9j2i--e-4swAN4BS8EDTTE9Q:1771425483449&ei=y86VaZ7_GpHuhbIPkL6usQI&start=80&sa=N&sstk=Af77f_e89gpnOSIFyw8TFzbXZZOfxaPARI-vGwO2o-u0VQg0U69yGwlFNxqURgYk2D74E7TeRk2uyFY4h1QIgba_EfRKOx-U_2K_Ez2zdOlGTef9PtD6-nQRet1DjOAlsbaN0Z7cEO0ByvlkzLmNXbE-PF_mCBskl033IBqUMVH1kVY_uAL1YKucORzzJfvm6w&ved=2ahUKEwjekL-VouOSAxURd0EAHRCfKyY4PBDw0wN6BAgLEA8&biw=1536&bih=730&dpr=1.25&lqi=ChpzZXJ2aWNlIGFwYXJ0bWVudCBpbiBhYnVqYUi59oj7srqAgAhaIhAAEAEYASIac2VydmljZSBhcGFydG1lbnQgaW4gYWJ1amGSARJzZXJ2aWNlZF9hcGFydG1lbnSaASNDaFpEU1VoTk1HOW5TMFZKUTBGblNVUmFMV0ZwVEVobkVBRfoBBAgkEEQ#,,Not sent,,,,,,,
Haussefour Apartments Abuja,Apartment,,https://www.google.com/search?q=service+apartment+in+abuja&sca_esv=bf84d0236feb05f8&udm=1&sxsrf=ANbL-n5KoJ9j2i--e-4swAN4BS8EDTTE9Q:1771425483449&ei=y86VaZ7_GpHuhbIPkL6usQI&start=80&sa=N&sstk=Af77f_e89gpnOSIFyw8TFzbXZZOfxaPARI-vGwO2o-u0VQg0U69yGwlFNxqURgYk2D74E7TeRk2uyFY4h1QIgba_EfRKOx-U_2K_Ez2zdOlGTef9PtD6-nQRet1DjOAlsbaN0Z7cEO0ByvlkzLmNXbE-PF_mCBskl033IBqUMVH1kVY_uAL1YKucORzzJfvm6w&ved=2ahUKEwjekL-VouOSAxURd0EAHRCfKyY4PBDw0wN6BAgLEA8&biw=1536&bih=730&dpr=1.25&lqi=ChpzZXJ2aWNlIGFwYXJ0bWVudCBpbiBhYnVqYUj-uonetLiAgAhaJBAAEAEYARgDIhpzZXJ2aWNlIGFwYXJ0bWVudCBpbiBhYnVqYZIBInNob3J0X3Rlcm1fYXBhcnRtZW50X3JlbnRhbF9hZ2VuY3maASNDaFpEU1VoTk1HOW5TMFZKUTBGblRVTkpOWFZUZEdSQkVBRfoBBAgAEBQ#,,Not sent,,,,,,,
House 20 apartment,Apartment,,https://www.google.com/search?q=service+apartment+in+abuja&sca_esv=bf84d0236feb05f8&udm=1&sxsrf=ANbL-n4S9ej3DdtK16YRe6xbrv2nbzmztg:1771426483910&ei=s9KVabSeN8ywhbIP8Ka3wAg&start=100&sa=N&sstk=Af77f_e8ULPNi2ncfZKDgI5vj6L60GLcnL0-_sNrFOS2a7hVUSb9Ei7qZPmMyjzlCley_sBhm0Oq53ev_UGXk3tdKh6YM5zqBPKUSJnT2ycJCFS937KbJqMRaXXzME2bQSmvUqxmdyh9e-8t-LWCV2UiHQlAr_uKYBU0-kV-0sTDmNbGeFGpieucY-1Ot07o_xNHchIzO7VQFVmon5gQzY7CQKgZqOIW&ved=2ahUKEwj0w8bypeOSAxVMWEEAHXDTDYg4UBDw0wN6BAgWEA8&biw=1536&bih=730&dpr=1.25&lqi=ChpzZXJ2aWNlIGFwYXJ0bWVudCBpbiBhYnVqYUjTwYvjw62AgAhaJBAAEAEYARgDIhpzZXJ2aWNlIGFwYXJ0bWVudCBpbiBhYnVqYZIBEmFwYXJ0bWVudF9idWlsZGluZ5oBI0NoWkRTVWhOTUc5blMwVkpRMEZuU1VOMU1TMVBObHAzRUFF-gEECAAQKw#,,Not sent,,,,,,,
Hyde19 Apartments ,Apartment,,https://www.google.com/search?q=service+apartment+in+abuja&sca_esv=bf84d0236feb05f8&udm=1&sxsrf=ANbL-n4S9ej3DdtK16YRe6xbrv2nbzmztg:1771426483910&ei=s9KVabSeN8ywhbIP8Ka3wAg&start=100&sa=N&sstk=Af77f_e8ULPNi2ncfZKDgI5vj6L60GLcnL0-_sNrFOS2a7hVUSb9Ei7qZPmMyjzlCley_sBhm0Oq53ev_UGXk3tdKh6YM5zqBPKUSJnT2ycJCFS937KbJqMRaXXzME2bQSmvUqxmdyh9e-8t-LWCV2UiHQlAr_uKYBU0-kV-0sTDmNbGeFGpieucY-1Ot07o_xNHchIzO7VQFVmon5gQzY7CQKgZqOIW&ved=2ahUKEwj0w8bypeOSAxVMWEEAHXDTDYg4UBDw0wN6BAgWEA8&biw=1536&bih=730&dpr=1.25&lqi=ChpzZXJ2aWNlIGFwYXJ0bWVudCBpbiBhYnVqYUiA--Cor7qAgAhaJBAAEAEYARgDIhpzZXJ2aWNlIGFwYXJ0bWVudCBpbiBhYnVqYZIBEnNlcnZpY2VkX2FwYXJ0bWVudA#,,Not sent,,,,,,,
Carolina Apartments Wuye,Apartment,,https://www.google.com/search?q=service+apartment+in+abuja&sca_esv=bf84d0236feb05f8&udm=1&sxsrf=ANbL-n4S9ej3DdtK16YRe6xbrv2nbzmztg:1771426483910&ei=s9KVabSeN8ywhbIP8Ka3wAg&start=100&sa=N&sstk=Af77f_e8ULPNi2ncfZKDgI5vj6L60GLcnL0-_sNrFOS2a7hVUSb9Ei7qZPmMyjzlCley_sBhm0Oq53ev_UGXk3tdKh6YM5zqBPKUSJnT2ycJCFS937KbJqMRaXXzME2bQSmvUqxmdyh9e-8t-LWCV2UiHQlAr_uKYBU0-kV-0sTDmNbGeFGpieucY-1Ot07o_xNHchIzO7VQFVmon5gQzY7CQKgZqOIW&ved=2ahUKEwj0w8bypeOSAxVMWEEAHXDTDYg4UBDw0wN6BAgWEA8&biw=1536&bih=730&dpr=1.25&lqi=ChpzZXJ2aWNlIGFwYXJ0bWVudCBpbiBhYnVqYUj4hYTOgLqAgAhaJBAAEAEYARgDIhpzZXJ2aWNlIGFwYXJ0bWVudCBpbiBhYnVqYZIBGGhvbGlkYXlfYXBhcnRtZW50X3JlbnRhbJoBRENpOURRVWxSUVVOdlpFTm9kSGxqUmpsdlQyeEtUMUZzYUhwWmVtUnJZbXBHVEdJeFVuVlhSa1pvVjFoc1ZGcHNSUkFC-gEECAAQRA#,,Not sent,,,,,,,
Wallgate Apartments,Apartment,,https://www.google.com/search?q=service+apartment+in+abuja&sca_esv=bf84d0236feb05f8&udm=1&sxsrf=ANbL-n4S9ej3DdtK16YRe6xbrv2nbzmztg:1771426483910&ei=s9KVabSeN8ywhbIP8Ka3wAg&start=100&sa=N&sstk=Af77f_e8ULPNi2ncfZKDgI5vj6L60GLcnL0-_sNrFOS2a7hVUSb9Ei7qZPmMyjzlCley_sBhm0Oq53ev_UGXk3tdKh6YM5zqBPKUSJnT2ycJCFS937KbJqMRaXXzME2bQSmvUqxmdyh9e-8t-LWCV2UiHQlAr_uKYBU0-kV-0sTDmNbGeFGpieucY-1Ot07o_xNHchIzO7VQFVmon5gQzY7CQKgZqOIW&ved=2ahUKEwj0w8bypeOSAxVMWEEAHXDTDYg4UBDw0wN6BAgWEA8&biw=1536&bih=730&dpr=1.25&lqi=ChpzZXJ2aWNlIGFwYXJ0bWVudCBpbiBhYnVqYUi3pt6rrbmAgAhaJBAAEAEYARgDIhpzZXJ2aWNlIGFwYXJ0bWVudCBpbiBhYnVqYZIBEmFwYXJ0bWVudF9idWlsZGluZ5oBI0NoWkRTVWhOTUc5blMwVkpRMEZuU1VSYWQxazJPRVJuRUFF-gEECAAQLg#,,Not sent,,,,,,,
Metrohut service apartment ,Apartment,,,,Not sent,,,,,,,
Bizarre luxury apartment ,Apartment,,,,Not sent,,,,,,,
Haya haus your home away from home ,Apartment,,,,Not sent,,,,,,,
Mont Kalm and suites (kano),Apartment,,"+234 814 880 8800, +234 700 880 8800",,Not sent,,,,,,,
"
Marshall Hotel Apartments",Apartment,mailto:info@marshallhotelapartments.com,,,Not sent,,,,,,,
Mozida Suites,Apartment,mailto:info@mozidasuites.com mailto:contact@mozidasuites.com,,,Not sent,,,,,,,
Sarina Suites and Apartments,Apartment,"https://www.google.com/search?q=sarinasuites%40gmail.com&oq=Sarina+Suites+and+Apartments+em&gs_lcrp=EgZjaHJvbWUqBwgBECEYoAEyBggAEEUYOTIHCAEQIRigATIHCAIQIRigATIHCAMQIRiPAjIHCAQQIRiPAtIBCDQwNTlqMGo0qAIAsAIB&sourceid=chrome&ie=UTF-8&mstk=AUtExfAjmxh6C-hElI0ZGkxUPGaxhy20W41JasKJTUFUmNlvm7XWd3_QC2HWIt4yrwiYsGXYNUdLX_0jDEYH1ttq3byONFhd13riq7Ya0PDfVt49hsCrFU_bEPr1ajQkz9qNfmF433neJcgBAzlGiWxqT_GMbbq9Ci5pfVJJsN4mGP5Ue83_e3AACjPDWMhf9UbBAV6EMqyZEqJfD0XEYCAIj1FSj_IQaVG55-MNOt5D5MpYwBkA44JV9IWRGsIutPv9Ib8&csui=3&ved=2ahUKEwjR45-G9_GSAxXllP0HHSzhF0gQgK4QegQIARAC.

",,,Not sent,,,,,,,
Swiss pearl continental hotel,Apartment,,+234 901 552 5389,,Not sent,,,,,,,
The Prestige Villa Kano,Apartment,,0802 846 0335,,Not sent,,,,,,,
Ridge Ville Apartment By Platinum,Apartment,, https://www.google.com/search?q=Ridge+Ville+Apartment+By+Platinum&sca_esv=ebb5432a0b54a5d4&biw=1536&bih=730&sxsrf=ANbL-n4Gx4OCmZ8NkaxAeOErvbOD_BiXmw%3A1771929712221&ei=cICdacqeDe_qhbIPmLfVsQc&ved=0ahUKEwjKlsHI-PGSAxVvdUEAHZhbNXYQ4dUDCBE&uact=5&oq=Ridge+Ville+Apartment+By+Platinum&gs_lp=Egxnd3Mtd2l6LXNlcnAiIVJpZGdlIFZpbGxlIEFwYXJ0bWVudCBCeSBQbGF0aW51bTIFEAAYgAQyBRAAGIAEMgUQABiABDIIEAAYFhgKGB4yCBAAGBYYChgeMggQABgWGAoYHjIIEAAYFhgKGB4yBRAAGO8FSKcyUO0YWO0YcAF4AZABAJgB_wGgAf8BqgEDMi0xuAEDyAEA-AEC-AEBmAICoAKGAsICChAAGLADGNYEGEeYAwCIBgGQBgWSBwUxLjAuMaAH3AayBwMyLTG4B4MCwgcFMC4xLjHIBwWACAA&sclient=gws-wiz-serp#,,Not sent,,,,,,,
Bafra International Hotels Limited,Apartment,mailto:bafrainternationalhotels@yahoo.com,a,,Not sent,,,,,,,
Epitome Hotel,Apartment,info@epitomehotel.com,,,Not sent,,,,,,,
Azbir Hotels,Apartment,mailto:info@azbirhotels.com azbirhotels@gmail.com,,,Not sent,,,,,,,
KAIR Service Apartments,Apartment,Info@kairserviceapartments.com,,,Not sent,,,,,,,
Deno Hotels and Apartment New GRA Bauchi,Apartment,https://www.google.com/search?q=denohotels%40gmail.com&sca_esv=ebb5432a0b54a5d4&biw=1536&bih=730&sxsrf=ANbL-n4jFCPtIkzH29ZnvSqo4NrUIuB5Xg%3A1771930869247&ei=9YSdaengDrW3hbIPw6uj8Ak&oq=Deno+Hotels+and+Apartment+New+GRA+Bauchi+email+address&gs_lp=Egxnd3Mtd2l6LXNlcnAiNkRlbm8gSG90ZWxzIGFuZCBBcGFydG1lbnQgTmV3IEdSQSBCYXVjaGkgZW1haWwgYWRkcmVzcyoCCAAyChAhGKABGMMEGAoyChAhGKABGMMEGApI1CRQ2RVY2RVwAXgAkAEAmAGNAqABjQKqAQMyLTG4AQHIAQD4AQL4AQGYAgKgApUCwgILEAAYgAQYsAMYogTCAggQABiwAxjvBZgDAIgGAZAGBJIHBTEuMC4xoAf_BLIHAzItMbgHkALCBwUwLjEuMcgHBIAIAA&sclient=gws-wiz-serp&mstk=AUtExfCWPX9GGjtimRYWKUn-xrd5Ygz9IIUQMe0UDf3j7Nmc02TRvV2LMEAod36aLnF9e7kRb370PbUgvxr3AdOTuF0_x7X2plIEZPTB543aERULWmf7QkJVxhQUL9tmkoDscTUYfsG4_JDx8lFREQft8xQMCWESUjiv1U0stbuevCSisMphTJoEdRVr1kq91WziVB3z&csui=3&ved=2ahUKEwiRhaTj_fGSAxVNWEEAHSI2ExMQgK4QegQIARAC,,,Not sent,,,,,,,
Maryama Guest Palace,Apartment,maryamagpbauchi@gmail.com,,,Not sent,,,,,,,
Chartwell Hotel and Suites,Apartment,info@chartwellhospitality.com,,,Not sent,,,,,,,
Mayfair Hotel Wuse2 Abuja,Apartment,mayfairhotelswuse2@gmail.com,,,Not sent,,,,,,,
"Vamble Apartments and Suites, Jahi, Abuja",Apartment, mailto:reservation@vambleapartments.com   vambleapartment@gmail.com,,,Not sent,,,,,,,
Jamil Guest Palace,Apartment,mailto:reservation@jamilguestpalace.com,,,Not sent,,,,,,,
Avillah Apartments,Apartment,avillahapartments@gmail.com,,,Not sent,,,,,,,
Utobert,Apartment,mailto:consult@utobert.com,,,Not sent,,,,,,,
Vulcan suites,Apartment,manager@vulcansuites.com,,,Not sent,,,,,,,
Chrisvirgy Apartments,Apartment,chrisvirgyapartments@gmail.com,,,Not sent,,,,,,,
The Meridian Apartments Abuja,Apartment,mailto:guestrelations@themeridianapartments.ng,,,Not sent,,,,,,,
Nathivian Apartment,Apartment,, https://www.google.com/search?q=nathivian+apartment+emali&oq=Nathivian+Apartment+em&gs_lcrp=EgZjaHJvbWUqCQgBECEYChigATIGCAAQRRg5MgkIARAhGAoYoAEyCQgCECEYChigATIJCAMQIRgKGKABMgcIBBAhGI8CMgcIBRAhGI8CMgcIBhAhGI8C0gEINTQxN2owajmoAgawAgHxBQxSv-nvRAGl&sourceid=chrome&ie=UTF-8#,,Not sent,,,,,,,
Casalavoro Residence wuse2,Apartment,https://www.google.com/search?q=info%40casalavororesidence.com&oq=Casalavoro+Residence+wuse2+e&gs_lcrp=EgZjaHJvbWUqCQgCECEYChigATIGCAAQRRg5MgkIARAhGAoYoAEyCQgCECEYChigATIJCAMQIRgKGKABMgkIBBAhGAoYoAEyCQgFECEYChigATIHCAYQIRiPAjIHCAcQIRiPAjIHCAgQIRiPAtIBCDQwNzFqMGo5qAIGsAIB8QV3N4oG5vJR2A&sourceid=chrome&ie=UTF-8&mstk=AUtExfA3i40OWVSavbu9xwt7mOQT76OUIMBq3MweKZV7vqpxoS1jNbSbtlgJ6lITsYZW9NCHmimdw2-UHeLzgwLDdQFzEauemNPzNum7b608tVWoFTTAnhOljXQJxiB8gITiEKVS4A0OLZsr32keEwOBZRGGOsJtGoc06OcUD_jKXEHCOASntkv8gbTU0_O2pn5cdGQC&csui=3&ved=2ahUKEwiilbKYtfKSAxUPV0EAHciSB2MQgK4QegQIARAC https://www.google.com/search?q=reservation%40casalavororesidence.com&oq=Casalavoro+Residence+wuse2+e&gs_lcrp=EgZjaHJvbWUqCQgCECEYChigATIGCAAQRRg5MgkIARAhGAoYoAEyCQgCECEYChigATIJCAMQIRgKGKABMgkIBBAhGAoYoAEyCQgFECEYChigATIHCAYQIRiPAjIHCAcQIRiPAjIHCAgQIRiPAtIBCDQwNzFqMGo5qAIGsAIB8QV3N4oG5vJR2A&sourceid=chrome&ie=UTF-8&mstk=AUtExfA3i40OWVSavbu9xwt7mOQT76OUIMBq3MweKZV7vqpxoS1jNbSbtlgJ6lITsYZW9NCHmimdw2-UHeLzgwLDdQFzEauemNPzNum7b608tVWoFTTAnhOljXQJxiB8gITiEKVS4A0OLZsr32keEwOBZRGGOsJtGoc06OcUD_jKXEHCOASntkv8gbTU0_O2pn5cdGQC&csui=3&ved=2ahUKEwiilbKYtfKSAxUPV0EAHciSB2MQgK4QegQIARAD mailto:hr@casalavoro.net   mailto:hr@casalavoro.net or mailto:enquires@casalavorolimited.com ,,,Not sent,,,,,,,
Lia's Court Apartments,Apartment, liascourtng@gmail.com,,,Not sent,,,,,,,
Neiverder Lounge and Apartments,Apartment,, https://www.google.com/search?sca_esv=ebb5432a0b54a5d4&sxsrf=ANbL-n4-5eljNuc_IB54KTWQIREnXflUhQ:1771947199674&q=neiverder+lounge+and+apartments+email+address&source=lnms&fbs=ADc_l-aN0CWEZBOHjofHoaMMDiKpUrv6YeyJhXfuYqj4Fj6c1U4Z6Yq0xAU8tFlmuJvKXCstEt8l8kBbeEvyvhusrsBNmXmLQrEl9xK5eQ98S2oSedPlGAyWRahzTZPdqhCLZMN95SlYlzwFJmMzY19HI1PP_OGpXG_UiZAKQ1lJkL_SlaGuc1CxD9dyNlet2CxYet46XZWKEBozMnC1HTgvdVRRTNePgA&sa=X&ved=2ahUKEwjvyJbbufKSAxWqVkEAHdVJJMMQ0pQJegQIGBAB&biw=1536&bih=730&dpr=1.25#,,Not sent,,,,,,,
mikuch apartment and suite wuse 2 ,Apartment,Mikuchglobal2017@gmail.com,,,Not sent,,,,,,,
Kyeston Apartment Hotel,Apartment, kyestonapartment@gmail.com,,,Not sent,,,,,,,
Presken Hotels,Apartment," mailto:bookings@preskenhotels.com

",,,Not sent,,,,,,,
The York apartments,Apartment,,+234 705 555 5998,,Not sent,,,,,,,
The Boulevard Abuja,Apartment,mailto:Info@boulevardhotelgroup.com mailto:Reservations@boulevardhotelgroup.com recruitment@boulevardhotelgroup.com,,,Not sent,,,,,,,
Danmarna petroleum,Oil and Gas,,,,Not sent,,,,,,,
Omoh Oil And Gas Limited,Oil and Gas,,,,Not sent,,,,,,,
Shell Petroleum Dev Co Of Nigeria,Oil and Gas,,,,Not sent,,,,,,,
Elf Petroleum Nigeria Ltd,Oil and Gas,,,,Not sent,,,,,,,
Fanfaro oil Abuja,Oil and Gas,,,,Not sent,,,,,,,
BAYSCOM ENERGY LTD,Oil and Gas,,,,Not sent,,,,,,,
Nexgas,Oil and Gas,,,,Not sent,,,,,,,
Conoil,Oil and Gas,,,,Not sent,,,,,,,
Onelink International,Oil and Gas,,,,Not sent,,,,,,,
Duke Global Energy Limited,Oil and Gas,,,,Not sent,,,,,,,
A.A BAMZ OIL & GAS RESOURCES LTD,Oil and Gas,,,,Not sent,,,,,,,
Hyson Nigeria Limited,Oil and Gas,,,,Not sent,,,,,,,
Dan Oil and Petrochemicals Ltd,Oil and Gas,,,,Not sent,,,,,,,
Kingscity Oil and Gas Ventures,Oil and Gas,,,,Not sent,,,,,,,
Deroll Synergy Oil & Gas Ltd ,Oil and Gas,,,,Not sent,,,,,,,
QLEUM ENERGY SERVICES LIMITED,Oil and Gas,,,,Not sent,,,,,,,
Nigeria LNG Limited,Oil and Gas,,,,Not sent,,,,,,,
Whitepage International Concept Ltd,Oil and Gas,,,,Not sent,,,,,,,
VINAGAS & POWER LTD,Oil and Gas,,,,Not sent,,,,,,,
Amg Petro Energy Limited,Oil and Gas,,,,Not sent,,,,,,,
Seven Oceans Oil and Gas Limited,Oil and Gas,,,,Not sent,,,,,,,
TotalEnergies House,Oil and Gas,,,,Not sent,,,,,,,
AAZIK GROUP,Oil and Gas,,,,Not sent,,,,,,,
Proserve Energy Services,Oil and Gas,,,,Not sent,,,,,,,
Red Star Oil & Gas Limited,Oil and Gas,,,,Not sent,,,,,,,
QSA Oil & Gas,Oil and Gas,,,,Not sent,,,,,,,
Nigitrade Group,Oil and Gas,,,,Not sent,,,,,,,
IXUS OIL AND GAS,Oil and Gas,,,,Not sent,,,,,,,
Barbedos Oil & Gas Services Ltd,Oil and Gas,,,,Not sent,,,,,,,
Gohanah Nigeria Limited,Oil and Gas,,,,Not sent,,,,,,,
Kinsfield Energy Ltd,Oil and Gas,,,,Not sent,,,,,,,
Leovic Petroleum Resources Ltd,Oil and Gas,,,,Not sent,,,,,,,
Oseberg Oil and Gas Service,Oil and Gas,,,,Not sent,,,,,,,
Jikhelom Oil and Gas Limited,Oil and Gas,,,,Not sent,,,,,,,
JN2T Energy,Oil and Gas,,,,Not sent,,,,,,,
MUSALANI PETROLEUM LIMITED,Oil and Gas,,,,Not sent,,,,,,,
Techno Oil Limited,Oil and Gas,,,,Not sent,,,,,,,
Sun Trust Oil,Oil and Gas,,,,Not sent,,,,,,,
Cozy crib apartment,Apartment,cozycribapartment@gmail.com,,,Not sent,,,,,,,
Truth palazzo,Apartment,truthpalazzo@outlook.com,,,Not sent,,,,,,,
Lumora apartment,Apartment,,7066702366,,Not sent,,,,,,,
stp apartment ,Apartment,stpapartments01@gmail.com,,,Not sent,,,,,,,
haidisl apartments ,Apartment,info@haidislapartments.com,7071888866,,Not sent,,,,,,,
Sejour asokoro ,Apartment,sejourasokoro@gmail.com,9068527825,,Not sent,,,,,,,
peppers grill apartment lifecamp,Apartment,,9060008108,,Not sent,,,,,,,
phoenix imperial abuja ,Apartment,mailto:phoenixapartmentsng@gmail.com ,,,Not sent,,,,,,,
Nopares Apartment,Apartment,noparesapartment@gmail.com,,,Not sent,,,,,,,
Cruxcon BNB,Apartment,cruxcon.ng@gmail.com,,,Not sent,,,,,,,
Reno apartment ,Apartment,renoapartmentsabuja@gmail.com,,,Not sent,,,,,,,
the villa abuja,Apartment,grandvillahouse@gmail.com,,,Not sent,,,,,,,
L25 apartments ,Apartment,l25shortlets001@gmail.com,,,Not sent,,,,,,,
cocoon Abuja,Apartment,info@cocoonabuja.com,9134896045,,Not sent,,,,,,,
sparkles apartment ,Apartment,sparklesapartments@gmail.com,,,Not sent,,,,,,,
Laire apartments ,Apartment,,8066299622,,Not sent,,,,,,,
Buildage limited,Apartment,buildagelimited@gmail.com,,,Not sent,,,,,,,
The class luxury apartment,Apartment,,9033027824,,Not sent,,,,,,,
De calma apartments,Apartment,cpearl404@gmail.com,,,Not sent,,,,,,,
Blessed  apartment ,Apartment,pakpama1@gmail.com,,,Not sent,,,,,,,
brownish apartment ,Apartment,brownishapartment@gmail.com,,,Not sent,,,,,,,
NES Luxury apartment ,Apartment,nesluxuryapartmentsltd@gmail.com,,,Not sent,,,,,,,
savika apartment,Apartment,savikapartments@gmail.com,,,Not sent,,,,,,,
mabu apartment ,Apartment,hello.mabuapartment@gmail.com,,,Not sent,,,,,,,
ocean luxury suites ,Apartment,oceanluxurysuite@gmail.com,,,Not sent,,,,,,,
Stayelysianhotels,Apartment,gm@stayelysian.com,,,Not sent,,,,,,,
Celeste Suites,Apartment,celestesuitesabuja@gmail.com,,,Sent,,,,,,,
Blue haven residence,Apartment,reservations@bluehavenresidence.com,,,Sent,,,,,,,
Mini palace suites,Apartment,minipalacesuites.ng@gmail.com,,,Sent,,,,,,,
Wigo apartment ,Apartment,wigoapartments@gmail.com,,,Sent,,,,,,,
Hoolio apartment ,Apartment,hoolioapartments@gmail.com,7046441151,,Sent,,,,,,,
Nelle residence,Apartment,https://www.google.com/search?q=nelleresidence%40gmail.com&sca_esv=3087728c2f704245&sxsrf=ANbL-n6x8NdC-_wINWONe05iIhOzuvsjOg%3A1774515904191&ei=wPbEac2tC6yFhbIPosC-qAI&biw=1913&bih=1803&oq=Nelle+Residence+email&gs_lp=Egxnd3Mtd2l6LXNlcnAiFU5lbGxlIFJlc2lkZW5jZSBlbWFpbCoCCAAyBRAhGKABSMAbUIgBWK4NcAF4AJABAJgBlQKgAfQLqgEDMi02uAEByAEA-AEBmAIHoAKyDMICCxAAGLADGAgYChgewgIJEAAYsAMYCBgewgIIEAAYFhgKGB7CAgYQABgWGB7CAggQABiABBiiBMICBRAAGO8FwgIHECEYoAEYCpgDAIgGAZAGCpIHBTEuMC42oAeoEbIHAzItNrgHpgzCBwcwLjMuMS4zyAcngAgA&sclient=gws-wiz-serp&mstk=AUtExfB4aY5P9S1QXueiWfeQiJhhBZIuxPpUo-j3_Lu1IN_a0sKAZ3IlvnR2LUXu8LJ7DwrzF4RDE63PCdvZ1CcdAhhmCh1K04eZF3coSIEwwWck40PailqGqTGB2J4WeF64ASGTi6pihyCn13guF6TqIePgHVO11IwmEGO_kZ6XBCKofuvQXd-_afjPfBdMcDtwmeuT&csui=3&ved=2ahUKEwj04pH3mr2TAxUPa0EAHQzNNDYQgK4QegQIARAC,,,Sent,,,,,,,
Kays place apartment,Apartment,Kaysplaceapartment@gmail.com,,,Sent,,,,,,,
Avon apartment,Apartment,avonapartments1@gmail.com,,,Sent,,,,,,,
The libreville hotel ,Apartment,thelibrevillehotel @aol.com,,,Sent,,,,,,,
Luxor apartment hotel,Apartment,info.luxorapartment@gmail.com,,,Sent,,,,,,,
Limewood villa,Apartment,limewoodvilla@outlook.com,,,Sent,,,,,,,
Spiffy apartment,Apartment,spiffycozycorner@gmail.com,7061616437,,Sent,,,,,,,
Jay T apartment ,Apartment,aaronyaro2020@gmail.com,8137118498,,Sent,,,,,,,
Truth palazzo,Apartment,mailto:support@truthpalazzo.com,0704 481 4484,,Sent,,,,,,,
Delight Apartment Asaba,Apartment,delightapartmentasaba@gmail.com,,,Not sent,,,,,,,
Sae apartment,Apartment,saeapartment@gmail.com,8112929361,,Not sent,,,,,,,
Castle estate apartment,Apartment,castleestateapts@gmail.com,8037617624,,Not sent,,,,,,,
The Merit Residence,Apartment,,9168912329,,Not sent,,,,,,,
Isha’s Apartment ,Apartment,,9047053931,,Not sent,,,,,,,
Lodge and Loft by Edala,Apartment,mailto:lodgeandloft@gmail.com dayo@edala.ng,,,Not sent,,,,,,,
Sparkles Apartment ,Apartment,sparklesapartments@gmail.com,,,Not sent,,,,,,,
Nicotel Apartment ,Apartment,gm.nicotelapartments@gmail.com,,,Not sent,,,,,,,
Khomes Ng,Apartment,khommes115@gmail.com,,,Not sent,,,,,,,
Platinum nook apt,Apartment,platinumnookapt22@outlook.com,,,Not sent,,,,,,,
The Cate house ,Apartment,thecatehouse@gmail.com,,,Not sent,,,,,,,
Raiz apartment,Apartment,raizapartments@gmail.com,,,Not sent,,,,,,,
Bott Apartment ,Apartment,bottapartments@gmail.com,,,Not sent,,,,,,,
Nia Inns ,Apartment,alisiobitoniarealty@gmail.com,,,Not sent,,,,,,,
Tag Homes,Apartment,taghomesng@gmail.com,,,Not sent,,,,,,,
Opulence Realty SStays,Apartment,opulencerealty96@gmail.com,,,Not sent,,,,,,,
Vluxe Apartment,Apartment,,9130160111,,Not sent,,,,,,,
Homestead Apartments ,Apartment,info@homesteadapartmentng.com,8100020401,,Not sent,,,,,,,
Sure apartment,Apartment,sureapartments@gmail.com,9035244702,,Not sent,,,,,,,
Arlene apartment ,Apartment,ukonuarlene@gmail.com,,,Not sent,,,,,,,
Homes by Sai,Apartment,sandrachiamaka2222@gmail.com,9046072494,,Not sent,,,,,,,
Halita apartments ,Apartment,halitapartments@gmail.com,8034886507,,Not sent,,,,,,,
Labnurs Apartment Abuja ,Apartment,labnursshortletabuja@gmail.com,9072297775,,Not sent,,,,,,,
Mozabella homes,Apartment,mozabellahomes@gmail.com,7046240736,,Not sent,,,,,,,
Benioni apartment ,Apartment,benioniapartment@gmail.com,8066558811,,Not sent,,,,,,,
Mayi apartment,Apartment,mayiapartments@gmail.com,9063542370,,Not sent,,,,,,,
Naay shortlet,Apartment,naayshortlet@gmail.com,9019414709,,Not sent,,,,,,,
Nivana homes ,Apartment,nivanaomes@gmail.com,9020279968,,Not sent,,,,,,,
Nuve lifestyle ,Apartment,,9051519951,,Not sent,,,,,,,
De Luciee Abuja ,Apartment,christygold43@gmail.com,7048986669,,Not sent,,,,,,,
Fortview luxury ,Apartment,hillsandhomes@gmail.com,9066474146,,Not sent,,,,,,,
Citiscape apartment ,Apartment,customerexperience@citiscapeng.com,,,Not sent,,,,,,,
Arel apartment ,Apartment,,8028055627,,Not sent,,,,,,,
Hamlet Homes   ,Apartment,,7046138413,,Not sent,,,,,,,
The Breeze Apartment,Apartment,,https://www.google.com/search?q=service+apartment+in+lagos&sca_esv=43fa2c2a8874a904&udm=1&biw=1536&bih=730&sxsrf=ANbL-n4n6hVXI9FZwjHIRblJKYG3BbYjJw%3A1774518084270&ei=RP_EadmUEJKphbIP54_1gAE&oq=service+apartment++IN+LAGOS&gs_lp=EhZnd3Mtd2l6LW1vZGVsZXNzLWxvY2FsIhtzZXJ2aWNlIGFwYXJ0bWVudCAgSU4gTEFHT1MqAggAMgsQABiABBiKBRiRAjIGEAAYBxgeMgsQABiABBiKBRiRAjILEAAYgAQYigUYkQIyBhAAGAcYHjIGEAAYBxgeMgYQABgHGB4yBhAAGAcYHjIFEAAYgAQyBRAAGIAESJQcUMwEWMwEcAF4AJABAJgBoAGgAaABqgEDMC4xuAEByAEA-AEBmAICoAKoAcICBRAAGO8FwgIIEAAYgAQYogSYAwCIBgGSBwMxLjGgB64GsgcDMC4xuAelAcIHBTAuMS4xyAcGgAgB&sclient=gws-wiz-modeless-local&lqi=ChpzZXJ2aWNlIGFwYXJ0bWVudCBpbiBsYWdvc0jlpbufoLKAgAhaJBAAEAEYARgDIhpzZXJ2aWNlIGFwYXJ0bWVudCBpbiBsYWdvc5IBEnNlcnZpY2VkX2FwYXJ0bWVudJoBJENoZERTVWhOTUc5blMwVkpRMEZuU1VReWNXWmZOSGxSUlJBQvoBBAgAECY#169473865,,Not sent,,,,,,,
Ladda Apartment,Apartment,,+234 816 601 1541,,Not sent,,,,,,,
Kodeland apartment,Apartment,,https://www.google.com/search?q=service+apartment+in+lagos&sca_esv=43fa2c2a8874a904&udm=1&ei=GjnFae7rHIyvhbIPj8HxoAo&start=60&sa=N&ved=2ahUKEwju4NCU2r2TAxWMV0EAHY9gHKQ4KBDw0wN6BAgKEA8&biw=1536&bih=730&dpr=1.25&lqi=ChpzZXJ2aWNlIGFwYXJ0bWVudCBpbiBsYWdvc0j-4OPAnLGAgAhaJBAAEAEYARgDIhpzZXJ2aWNlIGFwYXJ0bWVudCBpbiBsYWdvc5IBE3ZhY2F0aW9uX2FwcGFydG1lbnSaASRDaGREU1VoTk1HOW5TMFZKUTBGblNVTm9kRWxwTURWM1JSQUL6AQQIABBJ#,,Not sent,,,,,,,
The york  apartment,Apartment,,7055555998,,Not sent,,,,,,,
The residences at fomella,Apartment,,8167443570,,Not sent,,,,,,,
Sparklyn Hotel & Suites,Apartment,booking@sparklynhotels.com,7061745277,,Not sent,,,,,,,
Lake home apartment ,Apartment,,9075460522,,Not sent,,,,,,,
The seraphic homes,Apartment,theseraphichomes@gmail.com,8140964313,,Not sent,,,,,,,
the suite residence ,Apartment,shalomottobiz@gmail.com,,,Not sent,,,,,,,
Bellz apartment ,Apartment,info.bellzsecret@gmail.com,8081915299,,Not sent,,,,,,,
Zodiac staycation,Apartment,,8065795564,,Not sent,,,,,,,
Brown doors apartment,Apartment,,8137503561,,Not sent,,,,,,,
Amanda residence ,Apartment,amandaresidence@yahoo.com,9063160448,,Not sent,,,,,,,
Comfort shortlet  apartment,Apartment,,9072635974,,Not sent,,,,,,,
Premier heights,Apartment,,9027969510,,Not sent,,,,,,,
ALUBARIKA SERVICE APARTMENT,Apartment,mailto:alubarikaserviceapartments@gmail.com,8102684582,,Not sent,,,,,,,
Kodeland Apartment House,Apartment,apartment@page2group.com,8167903692,,Not sent,,,,,,,
Sereno Apartment,Apartment,,8124106878,,Not sent,,,,,,,
Lumora Apartment,Apartment,,7066702366,,Not sent,,,,,,,
68 place by citystake,Apartment,citystakelimited@gmail.com,,,Not sent,,,,,,,
The velour stays,Apartment,velourstays@gmail.com,,,Not sent,,,,,,,
Movora Shortlet,,,,,Not sent,,,,,,,
Canwee apartment,Apartment,,9161505989,,Not sent,,,,,,,
Nook royale apartment,Apartment,,7042191784,,Not sent,,,,,,,
Smile dental abuja,Healthcare,info.sdp@smiledentalgrp.com,7063620709,,Not sent,,,,,,,
Zoom exclusive dental ,Healthcare,zoomexclusivedentalservices@gmail.com,7014141487,,Not sent,,,,,,,
Onyx 360 dental clinic ,Healthcare,onyx360dentalcare@yahoo.com,8187046419,,Not sent,,,,,,,
Smile 360,Healthcare,reception@smile360ng.com,8181360444,,Not sent,,,,,,,
Snow dental care phc,Healthcare,kelvinonwachukwu@gmail.com,8081775448,,Not sent,,,,,,,
Beacon hill clinic ,Healthcare,,8125215208,,Not sent,,,,,,,
Beam dental clinic ,Healthcare,egwoloredje@gmail.com,8078352939,,Not sent,,,,,,,
QH specialist dental,Healthcare,qhspecialistdentalclinics@gmail.com,7052200501,,Not sent,,,,,,,
Crystal palace dental care,Healthcare,crystalpalacedentalcareabuja@gmail.com,7082000533,,Not sent,,,,,,,
Bethel dental clinic,Healthcare,doctoruche73@yahoo.com,8037151942,,Not sent,,,,,,,
Blanche dental clinic ,Healthcare,blanchedentalbusiness@gmail.com,9011999176,,Not sent,,,,,,,
First mobile dental care,Healthcare,firstmobiledentalcare@gmail.com,8037876386,,Not sent,,,,,,,
Luxe dental ,Healthcare,luxedentalpractise@gmail.com,9044374007,,Not sent,,,,,,,
SS dental clinic ,Healthcare,bizdev@ssdentalclinicltd.com,8088878265,,Not sent,,,,,,,
Lead Medical hub,Healthcare,leadmedical0@gmail.com,9065199645,,Not sent,,,,,,,
Brighton dental clinic,Healthcare,info@brightondentalng.com,7044333359,,Not sent,,,,,,,
Ferayan DD Clinic,Healthcare,ferayanpatients@gmail.com,9016444444,,Not sent,,,,,,,
Hilton dental clinics,Healthcare,hiltondental,,,Not sent,,,,,,,
